Organisation Name,Purchase_Order_Number,Order_Date,Total_Value,Supplier_Name,Account_Name,Service
Rochdale Borough Council,d1081995,01/04/2019,"£77,345.00",NORTHERN COMMERCIALS,PURCHASE OF VEHICLES,NEIGHBOURHOODS AND ENVIRONMENT
Rochdale Borough Council,ph103517,01/04/2019,"£14,583.33",ACTION TOGETHER,PH OTHER CONTRACTS,PUBLIC HEALTH
Rochdale Borough Council,d4001541,01/04/2019,"£12,050.00",CROWTHER AND SHAW,MAINTENANCE,NEIGHBOURHOODS AND ENVIRONMENT
Rochdale Borough Council,d4001540,01/04/2019,"£9,500.00",F NEEDHAM,MAINTENANCE,NEIGHBOURHOODS AND ENVIRONMENT
Rochdale Borough Council,e1027874,01/04/2019,"£6,349.20",POSSABILITIES CIC TRADING,BUDGET TO BE ALLOCATED,EARLY HELP AND SCHOOLS
Rochdale Borough Council,d1082045,02/04/2019,"£144,720.00",PETRUS,GRANTS TO THE VOLUNTARY SECTOR,NEIGHBOURHOODS AND ENVIRONMENT
Rochdale Borough Council,d1082043,02/04/2019,"£70,000.00",THE BOND BOARD LIMITED,GRANTS TO OTHER BODIES,NEIGHBOURHOODS AND ENVIRONMENT
Rochdale Borough Council,d1082044,02/04/2019,"£65,700.00",BRENTWOOD,GRANTS TO THE VOLUNTARY SECTOR,NEIGHBOURHOODS AND ENVIRONMENT
Rochdale Borough Council,d1082042,02/04/2019,"£51,400.00",OLDHAM AND ROCHDALE GROUNDWORK TRUST LTD,CAPITAL SALARIES,NEIGHBOURHOODS AND ENVIRONMENT
Rochdale Borough Council,s1024410,02/04/2019,"£50,000.00",N COMPASS,CONTRACTS,BETTER CARE FUND POOLED BUDGET
Rochdale Borough Council,f1007761,02/04/2019,"£40,252.39",CRITIQOM LIMITED,POSTAGE,RESOURCES
Rochdale Borough Council,f1007766,02/04/2019,"£25,864.00",MANCHESTER CITY COUNCIL,PROFESSIONAL FEES,RESOURCES
Rochdale Borough Council,d1082034,02/04/2019,"£20,000.00",TLC GARDEN SERVICES,ENVIRONMENTAL WORKS LANDSCAPE,NEIGHBOURHOODS AND ENVIRONMENT
Rochdale Borough Council,d1082036,02/04/2019,"£20,000.00",DICK WHITTINGTON GUEST HOUSE,ACCOMMODATION,NEIGHBOURHOODS AND ENVIRONMENT
Rochdale Borough Council,d1082046,02/04/2019,"£18,000.00",THE SANCTUARY TRUST,GRANTS TO THE VOLUNTARY SECTOR,NEIGHBOURHOODS AND ENVIRONMENT
Rochdale Borough Council,d1082037,02/04/2019,"£14,000.00",G AND A TAYLOR HOTELS LTD,ACCOMMODATION,NEIGHBOURHOODS AND ENVIRONMENT
Rochdale Borough Council,d1082038,02/04/2019,"£14,000.00",G AND A TAYLOR HOTELS LTD,ACCOMMODATION,NEIGHBOURHOODS AND ENVIRONMENT
Rochdale Borough Council,f1007760,02/04/2019,"£13,520.98",CRITIQOM LIMITED,PRINTING & STATIONERY,RESOURCES
Rochdale Borough Council,d1082035,02/04/2019,"£10,000.00",ROCHDALE BOROUGHWIDE HOUSING,ACCOMMODATION,NEIGHBOURHOODS AND ENVIRONMENT
Rochdale Borough Council,x1017419,02/04/2019,"£6,500.00",RANDSTAD EDUCATION,INDEPENDENT UNITS,EARLY HELP AND SCHOOLS
Rochdale Borough Council,s1024418,02/04/2019,"£5,807.24",UPS BUILDING AND MAINTENANCE LTD,MINOR BUILDING WORKS,ADULT CARE LCO FUNCTIONS
Rochdale Borough Council,s1024412,02/04/2019,"£5,554.61",UPS BUILDING AND MAINTENANCE LTD,TRANSACTIONS-EXPENDITURE,ADULT CARE LCO FUNCTIONS
Rochdale Borough Council,s1024417,02/04/2019,"£5,260.30",UPS BUILDING AND MAINTENANCE LTD,TRANSACTIONS-EXPENDITURE,ADULT CARE LCO FUNCTIONS
Rochdale Borough Council,x1017421,02/04/2019,"£5,104.00",GATENBY SANDERSON,TRAINING,CHILDREN’S SOCIAL CARE
Rochdale Borough Council,d1082040,02/04/2019,"£5,000.00",ROCHDALE HOUSING INITIATIVE,EXPENSES - GENERAL,NEIGHBOURHOODS AND ENVIRONMENT
Rochdale Borough Council,d1082041,02/04/2019,"£5,000.00",247 HOTEL,ACCOMMODATION,NEIGHBOURHOODS AND ENVIRONMENT
Rochdale Borough Council,d4001546,02/04/2019,"£5,000.00",WLG LTD,CATERING - GENERAL,NEIGHBOURHOODS AND ENVIRONMENT
Rochdale Borough Council,x1017414,02/04/2019,"£5,000.00",WHITEGATE NW LTD,"CLOTHES, UNIFORM AND LAUNDRY",EARLY HELP AND SCHOOLS
Rochdale Borough Council,x1017415,02/04/2019,"£5,000.00",WHITEGATE NW LTD,"CLOTHES, UNIFORM AND LAUNDRY",EARLY HELP AND SCHOOLS
Rochdale Borough Council,w1001986,03/04/2019,"£24,719.52",NHS HEYWOOD MIDDLETON AND ROCHDALE CCG,OTHER AGENCIES,BETTER CARE FUND POOLED BUDGET
Rochdale Borough Council,d1082078,03/04/2019,"£17,552.50",GREENFINGERS LANDSCAPE LTD,CONTRACTS,NEIGHBOURHOODS AND ENVIRONMENT
Rochdale Borough Council,d1082052,03/04/2019,"£14,569.02",NORTHGATE VEHICLE HIRE LIMITED,TRANSACTIONS-EXPENDITURE,NEIGHBOURHOODS AND ENVIRONMENT
Rochdale Borough Council,x1017435,03/04/2019,"£8,465.69",ROSS CARE,EQUIPMENT - GENERAL,EARLY HELP AND SCHOOLS
Rochdale Borough Council,d2001222,03/04/2019,"£6,067.55",CDEC LIMITED,ACTIVITIES,NEIGHBOURHOODS AND ENVIRONMENT
Rochdale Borough Council,d1082058,03/04/2019,"£5,850.84",GREENFINGERS LANDSCAPE LTD,CONTRACTS,NEIGHBOURHOODS AND ENVIRONMENT
Rochdale Borough Council,x1017436,04/04/2019,"£50,000.00",ADOPTION MATTERS NORTHWEST,ADOPTION PAYMENTS,CHILDREN’S SOCIAL CARE
Rochdale Borough Council,d1082104,04/04/2019,"£9,500.00",PREMIERESHOW LIMITED,TAXI HIRE,NEIGHBOURHOODS AND ENVIRONMENT
Rochdale Borough Council,d1082100,04/04/2019,"£9,100.00",PREMIERESHOW LIMITED,TAXI HIRE,NEIGHBOURHOODS AND ENVIRONMENT
Rochdale Borough Council,d1082088,04/04/2019,"£8,800.00",J AND S TRAVEL,TAXI HIRE,NEIGHBOURHOODS AND ENVIRONMENT
Rochdale Borough Council,d1082090,04/04/2019,"£8,500.00",J AND S TRAVEL,TAXI HIRE,NEIGHBOURHOODS AND ENVIRONMENT
Rochdale Borough Council,d1082101,04/04/2019,"£8,250.00",PREMIERESHOW LIMITED,TAXI HIRE,NEIGHBOURHOODS AND ENVIRONMENT
Rochdale Borough Council,d1082089,04/04/2019,"£8,200.00",J AND S TRAVEL,TAXI HIRE,NEIGHBOURHOODS AND ENVIRONMENT
Rochdale Borough Council,d1082091,04/04/2019,"£8,200.00",J AND S TRAVEL,TAXI HIRE,NEIGHBOURHOODS AND ENVIRONMENT
Rochdale Borough Council,d1082092,04/04/2019,"£8,200.00",D H MINICOACH HIRE,TAXI HIRE,NEIGHBOURHOODS AND ENVIRONMENT
Rochdale Borough Council,d1082093,04/04/2019,"£8,200.00",D H MINICOACH HIRE,TAXI HIRE,NEIGHBOURHOODS AND ENVIRONMENT
Rochdale Borough Council,d1082102,04/04/2019,"£8,000.00",PREMIERESHOW LIMITED,TAXI HIRE,NEIGHBOURHOODS AND ENVIRONMENT
Rochdale Borough Council,d1082105,04/04/2019,"£7,900.00",PREMIERESHOW LIMITED,TAXI HIRE,NEIGHBOURHOODS AND ENVIRONMENT
Rochdale Borough Council,d1082099,04/04/2019,"£7,550.00",PREMIERESHOW LIMITED,TAXI HIRE,NEIGHBOURHOODS AND ENVIRONMENT
Rochdale Borough Council,e1027915,04/04/2019,"£423,094.89",INSPIREDSPACES ROCHDALE PROJECTCO2 LTD,PFI SCHEMES RPIX,EARLY HELP AND SCHOOLS
Rochdale Borough Council,e1027914,04/04/2019,"£343,486.85",INSPIREDSPACES ROCHDALE PROJECT CO1 LTD,PFI SCHEMES RPIX,EARLY HELP AND SCHOOLS
Rochdale Borough Council,d2001226,04/04/2019,"£38,458.37",SPECIALIST COMPUTER CENTRES PLC,PURCHASE OF ICT HARDWARE,NEIGHBOURHOODS AND ENVIRONMENT
Rochdale Borough Council,d3001694,04/04/2019,"£34,450.00",UNITY PARTNERSHIP LTD,REPAIRS & ALTS OF BUILDINGS,PROPERTY AND HIGHWAYS
Rochdale Borough Council,d3001695,04/04/2019,"£33,250.00",UNITY PARTNERSHIP LTD,ROADWORKS,PROPERTY AND HIGHWAYS
Rochdale Borough Council,d3001691,04/04/2019,"£16,000.00",TRULINE CONSTRUCTION AND INTERIOR SERVICES LTD,MINOR BUILDING WORKS,PROPERTY AND HIGHWAYS
Rochdale Borough Council,d2001225,04/04/2019,"£9,470.00",NEW MIND INTERNET CONSULTANCY LTD,PUBLICITY,ECONOMY DIRECTORATE
Rochdale Borough Council,r1002080,04/04/2019,"£9,000.00",PENNINE PROSPECTS,GRANTS TO THE NON VOLUNTARY SECTOR,ECONOMY DIRECTORATE
Rochdale Borough Council,s1024431,04/04/2019,"£5,464.36",UPS BUILDING AND MAINTENANCE LTD,TRANSACTIONS-EXPENDITURE,ADULT CARE LCO FUNCTIONS
Rochdale Borough Council,d3001697,05/04/2019,"£50,000.00",INTEGRATED WATER SERVICES LIMITED,PROPERTY - WORKS ELEMENT,PROPERTY AND HIGHWAYS
Rochdale Borough Council,d2001229,05/04/2019,"£28,480.20",PHOENIX SOFTWARE LIMITED,SOFTWARE,NEIGHBOURHOODS AND ENVIRONMENT
Rochdale Borough Council,d3001699,05/04/2019,"£23,303.77",CADENT GAS LIMITED,MINOR BUILDING WORKS,PROPERTY AND HIGHWAYS
Rochdale Borough Council,d1082133,05/04/2019,"£6,622.37",GROUNDWORK LANDSCAPES LIMITED,REPAIRS & ALTS OF BUILDINGS,NEIGHBOURHOODS AND ENVIRONMENT
Rochdale Borough Council,e1027921,05/04/2019,"£5,480.00",REAL TRUST,TRAINING-NON QUALIFICATION,EARLY HELP AND SCHOOLS
Rochdale Borough Council,f1007780,07/04/2019,"£50,000.00",CRITIQOM LIMITED,POSTAGE,RESOURCES
Rochdale Borough Council,x1017453,08/04/2019,"£68,000.00",ADOPTION MATTERS NORTHWEST,ADOPTION PAYMENTS,CHILDREN’S SOCIAL CARE
Rochdale Borough Council,x1017454,08/04/2019,"£30,000.00",CARITAS CARE LTD,ADOPTION PAYMENTS,CHILDREN’S SOCIAL CARE
Rochdale Borough Council,d2001231,08/04/2019,"£136,000.00",BT WHOLESALE BROADBAND,COMMUNICATION AND COMPUTING - GENERAL,NEIGHBOURHOODS AND ENVIRONMENT
Rochdale Borough Council,d1082143,08/04/2019,"£109,041.27",ROCHDALE HOUSING INITIATIVE,CAPITAL SALARIES,NEIGHBOURHOODS AND ENVIRONMENT
Rochdale Borough Council,e1027934,08/04/2019,"£71,999.99",POSITIVE STEPS,EXTERNALLY MANAGED FUNDS,EARLY HELP AND SCHOOLS
Rochdale Borough Council,d2001232,08/04/2019,"£42,058.17",CIVICA UK LIMITED,SOFTWARE,NEIGHBOURHOODS AND ENVIRONMENT
Rochdale Borough Council,d4001561,08/04/2019,"£13,250.12",B AND M WASTE SERVICES,CONTRACTS,NEIGHBOURHOODS AND ENVIRONMENT
Rochdale Borough Council,d4001556,08/04/2019,"£7,941.00",ELECTRICITY NORTH WEST LTD,SPECIFIED MAINTENANCE,NEIGHBOURHOODS AND ENVIRONMENT
Rochdale Borough Council,d1082146,08/04/2019,"£6,237.00",ROCHDALE BOROUGH SHOPMOBILITY,GRANTS TO THE VOLUNTARY SECTOR,ECONOMY DIRECTORATE
Rochdale Borough Council,e1027923,08/04/2019,"£5,310.84",ACCESS EXPEDITIONS,ACTIVITIES,EARLY HELP AND SCHOOLS
Rochdale Borough Council,d1082190,09/04/2019,"£10,650.00",ROYTON MINIBUSES LIMITED,TAXI HIRE,NEIGHBOURHOODS AND ENVIRONMENT
Rochdale Borough Council,d1082177,09/04/2019,"£10,400.00",GPD TRAVEL,TAXI HIRE,NEIGHBOURHOODS AND ENVIRONMENT
Rochdale Borough Council,d1082189,09/04/2019,"£10,400.00",ROYTON MINIBUSES LIMITED,TAXI HIRE,NEIGHBOURHOODS AND ENVIRONMENT
Rochdale Borough Council,d1082192,09/04/2019,"£10,400.00",ROYTON MINIBUSES LIMITED,TAXI HIRE,NEIGHBOURHOODS AND ENVIRONMENT
Rochdale Borough Council,d1082194,09/04/2019,"£9,300.00",COACH OPTIONS LIMITED,TAXI HIRE,NEIGHBOURHOODS AND ENVIRONMENT
Rochdale Borough Council,d1082191,09/04/2019,"£9,100.00",ROYTON MINIBUSES LIMITED,TAXI HIRE,NEIGHBOURHOODS AND ENVIRONMENT
Rochdale Borough Council,d1082173,09/04/2019,"£9,000.00",GPD TRAVEL,TAXI HIRE,NEIGHBOURHOODS AND ENVIRONMENT
Rochdale Borough Council,d1082161,09/04/2019,"£8,600.00",CAR 2000 HEYWOOD LLP,TAXI HIRE,NEIGHBOURHOODS AND ENVIRONMENT
Rochdale Borough Council,d1082163,09/04/2019,"£8,600.00",CAR 2000 HEYWOOD LLP,TAXI HIRE,NEIGHBOURHOODS AND ENVIRONMENT
Rochdale Borough Council,d1082188,09/04/2019,"£8,400.00",DALE INDUSTRIAL SERVICES LIMITED,TAXI HIRE,NEIGHBOURHOODS AND ENVIRONMENT
Rochdale Borough Council,d1082162,09/04/2019,"£8,300.00",CAR 2000 HEYWOOD LLP,TAXI HIRE,NEIGHBOURHOODS AND ENVIRONMENT
Rochdale Borough Council,d1082187,09/04/2019,"£8,300.00",DALE INDUSTRIAL SERVICES LIMITED,TAXI HIRE,NEIGHBOURHOODS AND ENVIRONMENT
Rochdale Borough Council,d1082184,09/04/2019,"£8,200.00",DALE INDUSTRIAL SERVICES LIMITED,TAXI HIRE,NEIGHBOURHOODS AND ENVIRONMENT
Rochdale Borough Council,d1082185,09/04/2019,"£8,100.00",DALE INDUSTRIAL SERVICES LIMITED,TAXI HIRE,NEIGHBOURHOODS AND ENVIRONMENT
Rochdale Borough Council,d1082186,09/04/2019,"£8,000.00",DALE INDUSTRIAL SERVICES LIMITED,TAXI HIRE,NEIGHBOURHOODS AND ENVIRONMENT
Rochdale Borough Council,d1082199,09/04/2019,"£8,000.00",OLYMPIC EXECUTIVE TRAVEL,TAXI HIRE,NEIGHBOURHOODS AND ENVIRONMENT
Rochdale Borough Council,d1082200,09/04/2019,"£7,900.00",OLYMPIC EXECUTIVE TRAVEL,TAXI HIRE,NEIGHBOURHOODS AND ENVIRONMENT
Rochdale Borough Council,d1082182,09/04/2019,"£7,800.00",COACH OPTIONS LIMITED,TAXI HIRE,NEIGHBOURHOODS AND ENVIRONMENT
Rochdale Borough Council,d1082198,09/04/2019,"£7,100.00",OLYMPIC EXECUTIVE TRAVEL,TAXI HIRE,NEIGHBOURHOODS AND ENVIRONMENT
Rochdale Borough Council,d1082167,09/04/2019,"£7,000.00",CAR 2000 HEYWOOD LLP,TAXI HIRE,NEIGHBOURHOODS AND ENVIRONMENT
Rochdale Borough Council,d1082196,09/04/2019,"£7,000.00",OLYMPIC EXECUTIVE TRAVEL,TAXI HIRE,NEIGHBOURHOODS AND ENVIRONMENT
Rochdale Borough Council,d1082193,09/04/2019,"£6,600.00",DK MINIBUSES LTD,TAXI HIRE,NEIGHBOURHOODS AND ENVIRONMENT
Rochdale Borough Council,d1082197,09/04/2019,"£6,600.00",OLYMPIC EXECUTIVE TRAVEL,TAXI HIRE,NEIGHBOURHOODS AND ENVIRONMENT
Rochdale Borough Council,d1082174,09/04/2019,"£6,500.00",GPD TRAVEL,TAXI HIRE,NEIGHBOURHOODS AND ENVIRONMENT
Rochdale Borough Council,d1082175,09/04/2019,"£6,200.00",GPD TRAVEL,TAXI HIRE,NEIGHBOURHOODS AND ENVIRONMENT
Rochdale Borough Council,d1082171,09/04/2019,"£6,100.00",CAR 2000 HEYWOOD LLP,TAXI HIRE,NEIGHBOURHOODS AND ENVIRONMENT
Rochdale Borough Council,d1082176,09/04/2019,"£6,100.00",GPD TRAVEL,TAXI HIRE,NEIGHBOURHOODS AND ENVIRONMENT
Rochdale Borough Council,d1082168,09/04/2019,"£6,000.00",CAR 2000 HEYWOOD LLP,TAXI HIRE,NEIGHBOURHOODS AND ENVIRONMENT
Rochdale Borough Council,d1082159,09/04/2019,"£5,600.00",DIAMOND NO1 CARS,TAXI HIRE,NEIGHBOURHOODS AND ENVIRONMENT
Rochdale Borough Council,d1082156,09/04/2019,"£5,500.00",CAR 2000 HEYWOOD LLP,TAXI HIRE,NEIGHBOURHOODS AND ENVIRONMENT
Rochdale Borough Council,d1082172,09/04/2019,"£5,300.00",CAR 2000 HEYWOOD LLP,TAXI HIRE,NEIGHBOURHOODS AND ENVIRONMENT
Rochdale Borough Council,d1082169,09/04/2019,"£5,000.00",CAR 2000 HEYWOOD LLP,TAXI HIRE,NEIGHBOURHOODS AND ENVIRONMENT
Rochdale Borough Council,d2001235,09/04/2019,"£48,024.00",GAMMA BUSINESS COMMUNICATIONS,TELEPHONE EXPENDITURE,NEIGHBOURHOODS AND ENVIRONMENT
Rochdale Borough Council,d2001234,09/04/2019,"£37,920.00",BLUERAQ NETWORKS LTD,SOFTWARE,NEIGHBOURHOODS AND ENVIRONMENT
Rochdale Borough Council,d3001717,09/04/2019,"£31,054.70",SYNTAX CONTROLS LIMITED,PROPERTY - WORKS ELEMENT,PROPERTY AND HIGHWAYS
Rochdale Borough Council,d2001238,09/04/2019,"£25,000.00",GAMMA BUSINESS COMMUNICATIONS,TELEPHONE EXPENDITURE,NEIGHBOURHOODS AND ENVIRONMENT
Rochdale Borough Council,ph103546,09/04/2019,"£23,778.61",BIG LIFE CENTRES,CONTRACTED SERVICES,PUBLIC HEALTH
Rochdale Borough Council,d2001236,09/04/2019,"£12,837.83",SYMOLOGY LTD,SOFTWARE,NEIGHBOURHOODS AND ENVIRONMENT
Rochdale Borough Council,d2001237,09/04/2019,"£12,531.00",CIVICA UK LIMITED,SOFTWARE,NEIGHBOURHOODS AND ENVIRONMENT
Rochdale Borough Council,d1082205,09/04/2019,"£8,000.00",PIPER MUSIC MANAGEMENT LTD,ACTIVITIES,NEIGHBOURHOODS AND ENVIRONMENT
Rochdale Borough Council,ph103543,09/04/2019,"£6,457.71",BRAHM FUNDCO 1 LTD,RENTS,PUBLIC HEALTH
Rochdale Borough Council,d1082219,10/04/2019,"£9,700.00",STREAMLINE TAXIS,TAXI HIRE,NEIGHBOURHOODS AND ENVIRONMENT
Rochdale Borough Council,x1017469,10/04/2019,"£9,000.00",STOCKPORT METROPOLITAN BOROUGH COUNCIL,ADOPTION PAYMENTS,CHILDREN’S SOCIAL CARE
Rochdale Borough Council,d1082234,10/04/2019,"£6,500.00",STREAMLINE TAXIS,TAXI HIRE,NEIGHBOURHOODS AND ENVIRONMENT
Rochdale Borough Council,d1082288,10/04/2019,"£6,400.00",STREAMLINE TAXIS,TAXI HIRE,NEIGHBOURHOODS AND ENVIRONMENT
Rochdale Borough Council,d1082236,10/04/2019,"£6,000.00",STREAMLINE TAXIS,TAXI HIRE,NEIGHBOURHOODS AND ENVIRONMENT
Rochdale Borough Council,d1082253,10/04/2019,"£5,300.00",STREAMLINE TAXIS,TAXI HIRE,NEIGHBOURHOODS AND ENVIRONMENT
Rochdale Borough Council,d1082222,10/04/2019,"£5,100.00",STREAMLINE TAXIS,TAXI HIRE,NEIGHBOURHOODS AND ENVIRONMENT
Rochdale Borough Council,e1027953,10/04/2019,"£707,876.13",AXIOM EDUCATION ROCHDALE LIMITED,PFI SCHEMES RPIX,EARLY HELP AND SCHOOLS
Rochdale Borough Council,d3001723,10/04/2019,"£87,024.00",G2 RECRUITMENT SOLUTIONS LTD,AGENCY STAFF,ECONOMY DIRECTORATE
Rochdale Borough Council,f1007799,10/04/2019,"£80,000.00",DISCLOSURE AND BARRING SERVICE,TRANSACTIONS-EXPENDITURE,RESOURCES
Rochdale Borough Council,d1082299,10/04/2019,"£30,639.00",STANDARD FUEL OILS,TRANSACTIONS-EXPENDITURE,NEIGHBOURHOODS AND ENVIRONMENT
Rochdale Borough Council,d2001251,10/04/2019,"£15,150.00",OXFORD COMPUTER CONSULTANTS LIMITED,IT MAINTENANCE,ADULT CARE LCO FUNCTIONS
Rochdale Borough Council,d3001719,10/04/2019,"£10,960.00",NB WORX LTD,REPAIRS & ALTS OF BUILDINGS,EARLY HELP AND SCHOOLS
Rochdale Borough Council,d4001583,10/04/2019,"£8,758.36",B AND M WASTE SERVICES,CONTRACTS,NEIGHBOURHOODS AND ENVIRONMENT
Rochdale Borough Council,w1001990,10/04/2019,"£8,385.67",PENNINE CARE NHS,CONTRACTS,BETTER CARE FUND POOLED BUDGET
Rochdale Borough Council,d4001582,10/04/2019,"£8,000.00",UNIVERSAL LAUNDRY SERVICES,"CLOTHES, UNIFORM AND LAUNDRY",NEIGHBOURHOODS AND ENVIRONMENT
Rochdale Borough Council,d2001259,11/04/2019,"£62,988.00",ZEN INTERNET LIMITED,COMMUNICATION AND COMPUTING - GENERAL,NEIGHBOURHOODS AND ENVIRONMENT
Rochdale Borough Council,d4001589,11/04/2019,"£30,000.00",LANCASHIRE CHAIR COVERS,EXPENSES - GENERAL,NEIGHBOURHOODS AND ENVIRONMENT
Rochdale Borough Council,s1024467,11/04/2019,"£27,272.73",BROADWAY BUILDING CONTRACTORS OLDHAM LTD,MINOR BUILDING WORKS,ADULT CARE LCO FUNCTIONS
Rochdale Borough Council,d2001257,11/04/2019,"£25,224.00",DAISY COMMUNICATIONS LTD,IT MAINTENANCE,NEIGHBOURHOODS AND ENVIRONMENT
Rochdale Borough Council,f1007805,11/04/2019,"£20,000.00",CRITIQOM LIMITED,PRINTING & STATIONERY,RESOURCES
Rochdale Borough Council,d2001256,11/04/2019,"£16,601.36",IHS GLOBAL LTD,SOFTWARE,PROPERTY AND HIGHWAYS
Rochdale Borough Council,s1024470,11/04/2019,"£12,423.00",K P DODD CONSTRUCTION LIMITED,MINOR BUILDING WORKS,ADULT CARE LCO FUNCTIONS
Rochdale Borough Council,s1024470,11/04/2019,"£12,423.00",K P DODD CONSTRUCTION LIMITED,MINOR BUILDING WORKS,ADULT CARE LCO FUNCTIONS
Rochdale Borough Council,s1024471,11/04/2019,"£6,429.64",UPS BUILDING AND MAINTENANCE LTD,MINOR BUILDING WORKS,ADULT CARE LCO FUNCTIONS
Rochdale Borough Council,s1024464,11/04/2019,"£6,408.80",UPS BUILDING AND MAINTENANCE LTD,MINOR BUILDING WORKS,ADULT CARE LCO FUNCTIONS
Rochdale Borough Council,s1024472,11/04/2019,"£5,629.34",UPS BUILDING AND MAINTENANCE LTD,MINOR BUILDING WORKS,ADULT CARE LCO FUNCTIONS
Rochdale Borough Council,d3001725,11/04/2019,"£5,000.00",BESPOKE COMPLETE SERVICES LTD,PROPERTY - WORKS ELEMENT,PROPERTY AND HIGHWAYS
Rochdale Borough Council,x1017502,12/04/2019,"£7,000.00",CARITAS CARE LTD,ADOPTION PAYMENTS,CHILDREN’S SOCIAL CARE
Rochdale Borough Council,d2001266,12/04/2019,"£586,343.00",AGILISYS LIMITED,AGILISYS CONTRACT,NEIGHBOURHOODS AND ENVIRONMENT
Rochdale Borough Council,d4001604,12/04/2019,"£120,136.56",EXCLUSEC,SECURITY,NEIGHBOURHOODS AND ENVIRONMENT
Rochdale Borough Council,d2001263,12/04/2019,"£47,353.00",AGILISYS LIMITED,AGILISYS CONTRACT,NEIGHBOURHOODS AND ENVIRONMENT
Rochdale Borough Council,s1024485,12/04/2019,"£36,722.33",N COMPASS,CONTRACTS,BETTER CARE FUND POOLED BUDGET
Rochdale Borough Council,r1002090,12/04/2019,"£19,200.00",POOLE DICK ASSOCIATES,CONSULTANTS FEES,ECONOMY DIRECTORATE
Rochdale Borough Council,s1024481,12/04/2019,"£7,820.77",ELDERCARE UK LTD,EQUIPMENT - GENERAL,ADULT CARE LCO FUNCTIONS
Rochdale Borough Council,x1017503,12/04/2019,"£5,885.20",NATRE,COSTS MET BY SCHOOL,EARLY HELP AND SCHOOLS
Rochdale Borough Council,f1007811,12/04/2019,"£5,000.00",CRITIQOM LIMITED,PRINTING,RESOURCES
Rochdale Borough Council,d1082350,15/04/2019,"£668,577.60",FAUN ZOELLER UK LTD,PURCHASE OF VEHICLES,NEIGHBOURHOODS AND ENVIRONMENT
Rochdale Borough Council,d1082358,15/04/2019,"£78,313.00",EXCLUSEC,SECURITY,NEIGHBOURHOODS AND ENVIRONMENT
Rochdale Borough Council,d3001738,15/04/2019,"£40,875.00",GTM ELECTRICAL SERVICES LIMITED,MINOR BUILDING WORKS,PROPERTY AND HIGHWAYS
Rochdale Borough Council,e1027965,15/04/2019,"£12,750.00",BARNARDOS,SUBSCRIPTIONS,EARLY HELP AND SCHOOLS
Rochdale Borough Council,x1017505,15/04/2019,"£10,675.00",THE DARTINGTON HALL TRUST,TRAINING,CHILDREN’S SOCIAL CARE
Rochdale Borough Council,f1007814,15/04/2019,"£5,893.00",CAPITA BUSINESS SERVICES LIMITED,SOFTWARE,RESOURCES
Rochdale Borough Council,d1082384,16/04/2019,"£6,500.00",MIDDLETON CARS,TAXI HIRE,NEIGHBOURHOODS AND ENVIRONMENT
Rochdale Borough Council,d1082382,16/04/2019,"£5,000.00",MIDDLETON CARS,TAXI HIRE,NEIGHBOURHOODS AND ENVIRONMENT
Rochdale Borough Council,d1082383,16/04/2019,"£5,000.00",MIDDLETON CARS,TAXI HIRE,NEIGHBOURHOODS AND ENVIRONMENT
Rochdale Borough Council,d3001740,16/04/2019,"£130,288.79",NPOWER LIMITED,ELECTRICITY,PROPERTY AND HIGHWAYS
Rochdale Borough Council,d3001741,16/04/2019,"£109,547.15",NPOWER LIMITED,ELECTRICITY,PROPERTY AND HIGHWAYS
Rochdale Borough Council,f1007818,16/04/2019,"£36,600.00",NORTHGATE PUBLIC SERVICES UK LTD,SOFTWARE,RESOURCES
Rochdale Borough Council,r1002092,16/04/2019,"£24,583.44",BRAHM FUNDCO 2 LTD,PFI SCHEMES RPI,ECONOMY DIRECTORATE
Rochdale Borough Council,f1007819,16/04/2019,"£20,630.00",NORTH WEST EMPLOYERS,SUBSCRIPTIONS,RESOURCES
Rochdale Borough Council,ph103553,16/04/2019,"£9,161.00",THE PENNINE ACUTE HOSPITALS NHS TRUST,PH OTHER CONTRACTS,PUBLIC HEALTH
Rochdale Borough Council,s1024507,16/04/2019,"£6,046.00",STANNAH LIFT SERVICES LTD,MINOR BUILDING WORKS,ADULT CARE LCO FUNCTIONS
Rochdale Borough Council,d2001279,17/04/2019,"£65,625.00",GRAVITAS RECRUITMENT GROUP,CAPITAL - STAFFING AGENCY PAYMENTS,NEIGHBOURHOODS AND ENVIRONMENT
Rochdale Borough Council,d2001280,17/04/2019,"£65,625.00",GRAVITAS RECRUITMENT GROUP,CAPITAL - STAFFING AGENCY PAYMENTS,NEIGHBOURHOODS AND ENVIRONMENT
Rochdale Borough Council,d2001276,17/04/2019,"£54,000.00",GRAVITAS RECRUITMENT GROUP,CAPITAL - STAFFING AGENCY PAYMENTS,NEIGHBOURHOODS AND ENVIRONMENT
Rochdale Borough Council,r1002095,17/04/2019,"£53,300.00",DONALD INSALL ASSOCIATES,CONSULTANTS FEES,ECONOMY DIRECTORATE
Rochdale Borough Council,d2001281,17/04/2019,"£52,800.00",GRAVITAS RECRUITMENT GROUP,CAPITAL - STAFFING AGENCY PAYMENTS,NEIGHBOURHOODS AND ENVIRONMENT
Rochdale Borough Council,d1082406,17/04/2019,"£41,460.00",SSI SCHAEFER LIMITED,PURCHASE OF FURNITURE AND EQUIPMENT,NEIGHBOURHOODS AND ENVIRONMENT
Rochdale Borough Council,r1002094,17/04/2019,"£38,356.50",GILLESPIES LLP,CONSULTANTS FEES,ECONOMY DIRECTORATE
Rochdale Borough Council,d2001282,17/04/2019,"£26,400.00",GRAVITAS RECRUITMENT GROUP,CAPITAL - STAFFING AGENCY PAYMENTS,NEIGHBOURHOODS AND ENVIRONMENT
Rochdale Borough Council,d3001745,17/04/2019,"£12,560.00",MEASURE 2 IMPROVE,ASSET MANAGEMENT PLANS & SURVEYS,PROPERTY AND HIGHWAYS
Rochdale Borough Council,d2001287,17/04/2019,"£7,322.00",AGILISYS LIMITED,AGILISYS CONTRACT,NEIGHBOURHOODS AND ENVIRONMENT
Rochdale Borough Council,d2001275,17/04/2019,"£5,657.76",SPECIALIST COMPUTER CENTRES PLC,EQUIPMENT - GENERAL,NEIGHBOURHOODS AND ENVIRONMENT
Rochdale Borough Council,d3001747,17/04/2019,"£5,559.70",SAFEGARD SOLUTIONS LTD,SECURITY,ECONOMY DIRECTORATE
Rochdale Borough Council,s1024523,17/04/2019,"£5,362.84",UPS BUILDING AND MAINTENANCE LTD,MINOR BUILDING WORKS,ADULT CARE LCO FUNCTIONS
Rochdale Borough Council,s1024533,17/04/2019,"£5,327.81",UPS BUILDING AND MAINTENANCE LTD,MINOR BUILDING WORKS,ADULT CARE LCO FUNCTIONS
Rochdale Borough Council,s1024529,17/04/2019,"£5,225.77",UPS BUILDING AND MAINTENANCE LTD,TRANSACTIONS-EXPENDITURE,ADULT CARE LCO FUNCTIONS
Rochdale Borough Council,s1024548,17/04/2019,"£5,141.82",UPS BUILDING AND MAINTENANCE LTD,MINOR BUILDING WORKS,ADULT CARE LCO FUNCTIONS
Rochdale Borough Council,s1024546,17/04/2019,"£5,117.24",UPS BUILDING AND MAINTENANCE LTD,MINOR BUILDING WORKS,ADULT CARE LCO FUNCTIONS
Rochdale Borough Council,s1024522,17/04/2019,"£5,109.63",UPS BUILDING AND MAINTENANCE LTD,TRANSACTIONS-EXPENDITURE,ADULT CARE LCO FUNCTIONS
Rochdale Borough Council,s1024531,17/04/2019,"£5,047.18",UPS BUILDING AND MAINTENANCE LTD,MINOR BUILDING WORKS,ADULT CARE LCO FUNCTIONS
Rochdale Borough Council,s1024532,17/04/2019,"£5,031.43",UPS BUILDING AND MAINTENANCE LTD,MINOR BUILDING WORKS,ADULT CARE LCO FUNCTIONS
Rochdale Borough Council,d2001298,18/04/2019,"£180,000.00",XEROX UK LTD,TRANSACTIONS-EXPENDITURE,NEIGHBOURHOODS AND ENVIRONMENT
Rochdale Borough Council,r1002096,18/04/2019,"£53,300.00",DONALD INSALL ASSOCIATES,CONSULTANTS FEES,ECONOMY DIRECTORATE
Rochdale Borough Council,d2001290,18/04/2019,"£48,750.00",STHREE PARTNERSHIP LLP,CONSULTANT FEES,NEIGHBOURHOODS AND ENVIRONMENT
Rochdale Borough Council,d2001297,18/04/2019,"£29,076.00",DAISY COMMUNICATIONS LTD,MOBILE PHONE,NEIGHBOURHOODS AND ENVIRONMENT
Rochdale Borough Council,d2001299,18/04/2019,"£13,056.00",VIRGIN MEDIA BUSINESS,COMMUNICATION AND COMPUTING - GENERAL,ADULT CARE LCO FUNCTIONS
Rochdale Borough Council,d1082428,18/04/2019,"£6,780.15",KOMPAN UK LIMITED,ENVIRONMENTAL WORKS LANDSCAPE,NEIGHBOURHOODS AND ENVIRONMENT
Rochdale Borough Council,d1082416,18/04/2019,"£6,550.00",J A CRYER EXCAVATION & GROUNDWORK CONTRACTORS LTD,ENVIRONMENTAL WORKS LANDSCAPE,NEIGHBOURHOODS AND ENVIRONMENT
Rochdale Borough Council,s1024551,18/04/2019,"£5,021.40",UPS BUILDING AND MAINTENANCE LTD,TRANSACTIONS-EXPENDITURE,ADULT CARE LCO FUNCTIONS
Rochdale Borough Council,ph103559,23/04/2019,"£106,789.43",LINK4LIFE CHARITY,SEVERANCE PAYMENTS,PUBLIC HEALTH
Rochdale Borough Council,ph103557,23/04/2019,"£50,700.00",LINK4LIFE CHARITY,LINK 4 LIFE CONTRACT,PUBLIC HEALTH
Rochdale Borough Council,d3001751,23/04/2019,"£40,000.00",AECOM INFRASTRUCTURE AND ENVIRONMENT UK LTD,ROADWORKS,PROPERTY AND HIGHWAYS
Rochdale Borough Council,d1082434,23/04/2019,"£10,395.00",MJC SAFEGUARDING CONSULTANCY,ACTIVITIES,NEIGHBOURHOODS AND ENVIRONMENT
Rochdale Borough Council,d1082449,23/04/2019,"£9,870.77",J GREENWOOD (BUILDERS) LIMITED,MINOR BUILDING WORKS,NEIGHBOURHOODS AND ENVIRONMENT
Rochdale Borough Council,e1027997,23/04/2019,"£8,900.67",THE UNIVERSITY OF SHEFFIELD,AGENCY STAFF,EARLY HELP AND SCHOOLS
Rochdale Borough Council,ph103556,23/04/2019,"£6,617.93",BRAHM FUNDCO 1 LTD,RENTS,PUBLIC HEALTH
Rochdale Borough Council,d2001304,23/04/2019,"£5,775.00",AGILE APPLICATIONS LTD,SOFTWARE,NEIGHBOURHOODS AND ENVIRONMENT
Rochdale Borough Council,s1024554,23/04/2019,"£5,478.20",UPS BUILDING AND MAINTENANCE LTD,MINOR BUILDING WORKS,ADULT CARE LCO FUNCTIONS
Rochdale Borough Council,d2001307,24/04/2019,"£451,074.00",SPECIALIST COMPUTER CENTRES PLC,PURCHASE OF ICT HARDWARE,NEIGHBOURHOODS AND ENVIRONMENT
Rochdale Borough Council,d3001761,24/04/2019,"£151,019.28",GMCA,MINOR BUILDING WORKS,PROPERTY AND HIGHWAYS
Rochdale Borough Council,d1082465,24/04/2019,"£68,027.52",ROCHDALE HOUSING INITIATIVE,CAPITAL SALARIES,NEIGHBOURHOODS AND ENVIRONMENT
Rochdale Borough Council,r1002099,24/04/2019,"£53,954.00",REDMAN PARTNERSHIPS LLP,CONSULTANTS FEES,ECONOMY DIRECTORATE
Rochdale Borough Council,e1028001,24/04/2019,"£48,045.48",PENNINE CARE NHS,HEALTH AUTH - SERVICE LEVEL AGREEMENT,EARLY HELP AND SCHOOLS
Rochdale Borough Council,d1082458,24/04/2019,"£40,636.39",ROCHDALE DEVELOPMENT AGENCY,BASIC SALARIES,ECONOMY DIRECTORATE
Rochdale Borough Council,e1028000,24/04/2019,"£37,395.48",PENNINE CARE NHS,HEALTH AUTH - SERVICE LEVEL AGREEMENT,EARLY HELP AND SCHOOLS
Rochdale Borough Council,e1028004,24/04/2019,"£36,520.20",AXIOM EDUCATION ROCHDALE LIMITED,MEALS,EARLY HELP AND SCHOOLS
Rochdale Borough Council,r1002097,24/04/2019,"£24,123.00",FOCUS CONSULTANTS 2010 LLP,CONSULTANTS FEES,ECONOMY DIRECTORATE
Rochdale Borough Council,e1028002,24/04/2019,"£20,000.00",PANORAMIC ASSOCIATES LTD,AGENCY STAFF,EARLY HELP AND SCHOOLS
Rochdale Borough Council,e1028007,24/04/2019,"£18,520.52",AXIOM EDUCATION ROCHDALE LIMITED,WATER CHARGES,EARLY HELP AND SCHOOLS
Rochdale Borough Council,s1024558,24/04/2019,"£11,500.00",POSSABILITIES CIC TRADING,PURCHASE OF FURNITURE AND EQUIPMENT,ADULT CARE LCO FUNCTIONS
Rochdale Borough Council,d1082477,24/04/2019,"£7,095.00",GROUNDWORK LANDSCAPES LIMITED,ENVIRONMENTAL WORKS LANDSCAPE,NEIGHBOURHOODS AND ENVIRONMENT
Rochdale Borough Council,f1007835,24/04/2019,"£5,563.94",HEALTH MANAGEMENT LIMITED,OCCUPATIONAL HEALTH,RESOURCES
Rochdale Borough Council,d1082481,24/04/2019,"£5,420.00",TLC GARDEN SERVICES,ENVIRONMENTAL WORKS LANDSCAPE,NEIGHBOURHOODS AND ENVIRONMENT
Rochdale Borough Council,d3001758,24/04/2019,"£5,130.08",C E S LTD,IMPROVEMENTS-MODERNISATION,PROPERTY AND HIGHWAYS
Rochdale Borough Council,d3001768,25/04/2019,"£391,762.69",COMMUNITY LIGHTING PARTNERSHIP ROCHDALE LTD,PFI SCHEMES RPIX,PROPERTY AND HIGHWAYS
Rochdale Borough Council,r1002101,25/04/2019,"£148,600.00",DONALD INSALL ASSOCIATES,CONSULTANTS FEES,ECONOMY DIRECTORATE
Rochdale Borough Council,r1002102,25/04/2019,"£138,625.00",DONALD INSALL ASSOCIATES,CONSULTANTS FEES,ECONOMY DIRECTORATE
Rochdale Borough Council,f1007842,25/04/2019,"£105,007.00",MAZARS LLP,FEES / COMMISSION,RESOURCES
Rochdale Borough Council,d2001308,25/04/2019,"£91,905.00",EVERYTHING EVERYWHERE LIMITED,TRANSACTIONS-EXPENDITURE,NEIGHBOURHOODS AND ENVIRONMENT
Rochdale Borough Council,r1002103,25/04/2019,"£48,875.00",DONALD INSALL ASSOCIATES,CONSULTANTS FEES,ECONOMY DIRECTORATE
Rochdale Borough Council,d3001772,25/04/2019,"£31,341.51",J C MILLS & SON LIMITED,PROPERTY - WORKS ELEMENT,PROPERTY AND HIGHWAYS
Rochdale Borough Council,f1007846,25/04/2019,"£23,100.00",NHS HEYWOOD MIDDLETON AND ROCHDALE CCG,AGENCY STAFF,RESOURCES
Rochdale Borough Council,r1002100,25/04/2019,"£15,000.00",MANCHESTER METROPOLITAN UNIVERSITY,CONSULTANTS FEES,ECONOMY DIRECTORATE
Rochdale Borough Council,d2001311,25/04/2019,"£13,520.00",COMMUNICATE TECHNOLOGY PLC,SOFTWARE,NEIGHBOURHOODS AND ENVIRONMENT
Rochdale Borough Council,d3001769,25/04/2019,"£9,000.00",PATROL,EQUIPMENT - GENERAL,PROPERTY AND HIGHWAYS
Rochdale Borough Council,s1024560,25/04/2019,"£8,487.38",UPS BUILDING AND MAINTENANCE LTD,MINOR BUILDING WORKS,ADULT CARE LCO FUNCTIONS
Rochdale Borough Council,x1017550,25/04/2019,"£7,728.00",THE FOSTERING NETWORK,FEES / COMMISSION,CHILDREN’S SOCIAL CARE
Rochdale Borough Council,s1024561,25/04/2019,"£5,575.50",UPS BUILDING AND MAINTENANCE LTD,MINOR BUILDING WORKS,ADULT CARE LCO FUNCTIONS
Rochdale Borough Council,f1007845,25/04/2019,"£5,160.96",NHS HEYWOOD MIDDLETON AND ROCHDALE CCG,AGENCY STAFF,RESOURCES
Rochdale Borough Council,s1024564,25/04/2019,"£5,092.50",UPS BUILDING AND MAINTENANCE LTD,MINOR BUILDING WORKS,ADULT CARE LCO FUNCTIONS
Rochdale Borough Council,x1017552,26/04/2019,"£49,000.00",NHS HEYWOOD MIDDLETON AND ROCHDALE CCG,AGENCY STAFF,CHILDREN’S SOCIAL CARE
Rochdale Borough Council,d1082508,26/04/2019,"£21,314.00",PROLUDIC LTD,ENVIRONMENTAL WORKS LANDSCAPE,NEIGHBOURHOODS AND ENVIRONMENT
Rochdale Borough Council,d2001329,26/04/2019,"£7,993.00",DATA SPACE LTD,DATA COLLECTION,RESOURCES
Rochdale Borough Council,d2001340,26/04/2019,"£6,582.00",DATA SPACE LTD,DATA COLLECTION,CHILDREN’S SOCIAL CARE
Rochdale Borough Council,r1002106,29/04/2019,"£51,933.60",J GREENWOOD (BUILDERS) LIMITED,IMPROVEMENTS-MODERNISATION,ECONOMY DIRECTORATE
Rochdale Borough Council,d2001342,29/04/2019,"£43,500.00",STHREE PARTNERSHIP LLP,AGENCY STAFF,NEIGHBOURHOODS AND ENVIRONMENT
Rochdale Borough Council,f1007859,29/04/2019,"£18,723.65",THOMSON REUTERS,REFERENCE BOOKS/NEWSPAPERS/PERIODICALS,RESOURCES
Rochdale Borough Council,f1007851,29/04/2019,"£17,995.00",ACAS,TRAINING-NON QUALIFICATION,RESOURCES
Rochdale Borough Council,f1007852,29/04/2019,"£14,645.65",ROYAL MAIL GROUP LTD,POSTAGE,RESOURCES
Rochdale Borough Council,ph103574,29/04/2019,"£8,710.73",TURNING POINT,PH OTHER CONTRACTS,PUBLIC HEALTH
Rochdale Borough Council,ph103575,29/04/2019,"£7,940.00",TURNING POINT,CONTRACTED SERVICES,PUBLIC HEALTH
Rochdale Borough Council,d3001790,29/04/2019,"£6,905.73",J C MILLS & SON LIMITED,REPAIRS & ALTS OF BUILDINGS,EARLY HELP AND SCHOOLS
Rochdale Borough Council,d1082515,29/04/2019,"£5,250.00",STORM ENVIRONMENTAL LTD,EQUIPMENT - GENERAL,NEIGHBOURHOODS AND ENVIRONMENT
Rochdale Borough Council,d1082522,29/04/2019,"£5,152.00",NORTH WEST PORTABLES,FEES - PLANT MACHINERY EQUIPMENT,NEIGHBOURHOODS AND ENVIRONMENT
Rochdale Borough Council,d2001350,30/04/2019,"£227,490.00",XMA LIMITED,PURCHASE OF ICT HARDWARE,NEIGHBOURHOODS AND ENVIRONMENT
Rochdale Borough Council,w1001994,30/04/2019,"£45,000.00",AXON MOORE LTD,CONSULTANT FEES,COMMISSIONING AND STATUTORY
Rochdale Borough Council,s1024574,30/04/2019,"£44,000.00",MERCY GLOBAL CONSULT LTD,EXPENSES - GENERAL,COMMISSIONING AND STATUTORY
Rochdale Borough Council,s1024575,30/04/2019,"£44,000.00",S MUSTAFA LIMITED,EXPENSES - GENERAL,COMMISSIONING AND STATUTORY
Rochdale Borough Council,e1028042,30/04/2019,"£36,550.30",AXIOM EDUCATION ROCHDALE LIMITED,MEALS,EARLY HELP AND SCHOOLS
Rochdale Borough Council,x1017565,30/04/2019,"£10,950.63",ROSS CARE,EQUIPMENT - GENERAL,EARLY HELP AND SCHOOLS
Rochdale Borough Council,d1082546,30/04/2019,"£7,000.00",G AND A TAYLOR HOTELS LTD,ACCOMMODATION,NEIGHBOURHOODS AND ENVIRONMENT
Rochdale Borough Council,d1082547,30/04/2019,"£7,000.00",G AND A TAYLOR HOTELS LTD,ACCOMMODATION,NEIGHBOURHOODS AND ENVIRONMENT
Rochdale Borough Council,d1082548,30/04/2019,"£7,000.00",G AND A TAYLOR HOTELS LTD,ACCOMMODATION,NEIGHBOURHOODS AND ENVIRONMENT
Rochdale Borough Council,d1082549,30/04/2019,"£7,000.00",G AND A TAYLOR HOTELS LTD,ACCOMMODATION,NEIGHBOURHOODS AND ENVIRONMENT
Rochdale Borough Council,x1017568,01/05/2019,"£47,300.00",BRENT COUNCIL,ADOPTION PAYMENTS,CHILDREN’S SOCIAL CARE
Rochdale Borough Council,d3001803,01/05/2019,"£4,191,000.00",BALFOUR BEATTY LIVING PLACES,TRANSACTIONS-EXPENDITURE,PROPERTY AND HIGHWAYS
Rochdale Borough Council,e1028053,01/05/2019,"£71,999.99",POSITIVE STEPS,EXTERNALLY MANAGED FUNDS,EARLY HELP AND SCHOOLS
Rochdale Borough Council,e1028043,01/05/2019,"£12,750.00",BARNARDOS,SUBSCRIPTIONS,EARLY HELP AND SCHOOLS
Rochdale Borough Council,e1028046,01/05/2019,"£12,750.00",BARNARDOS,SUBSCRIPTIONS,EARLY HELP AND SCHOOLS
Rochdale Borough Council,e1028047,01/05/2019,"£12,750.00",BARNARDOS,SUBSCRIPTIONS,EARLY HELP AND SCHOOLS
Rochdale Borough Council,e1028048,01/05/2019,"£12,750.00",BARNARDOS,SUBSCRIPTIONS,EARLY HELP AND SCHOOLS
Rochdale Borough Council,s1024581,01/05/2019,"£10,515.97",ROSS CARE,ADAPTATIONS,ADULT CARE LCO FUNCTIONS
Rochdale Borough Council,d1082571,01/05/2019,"£5,417.00",RHODES WHITE CONSULTANCY LIMITED,ACTIVITIES,NEIGHBOURHOODS AND ENVIRONMENT
Rochdale Borough Council,d1082569,01/05/2019,"£5,068.00",LS SYSTEMS LTD,"TREES, SHRUBS, PLANTS",NEIGHBOURHOODS AND ENVIRONMENT
Rochdale Borough Council,d2001358,01/05/2019,"£5,055.00",DAISY COMMUNICATIONS LTD,TRANSACTIONS-EXPENDITURE,NEIGHBOURHOODS AND ENVIRONMENT
Rochdale Borough Council,d2001360,02/05/2019,"£537,758.60",PHOENIX SOFTWARE LIMITED,SOFTWARE LICENSES,NEIGHBOURHOODS AND ENVIRONMENT
Rochdale Borough Council,s1024585,02/05/2019,"£500,972.00",THE PENNINE ACUTE HOSPITALS NHS TRUST,CONTRACTS,BETTER CARE FUND POOLED BUDGET
Rochdale Borough Council,s1024584,02/05/2019,"£475,910.00",THE PENNINE ACUTE HOSPITALS NHS TRUST,CONTRACTS,BETTER CARE FUND POOLED BUDGET
Rochdale Borough Council,d1082591,02/05/2019,"£41,597.82",ROCHDALE HOUSING INITIATIVE,CAPITAL SALARIES,NEIGHBOURHOODS AND ENVIRONMENT
Rochdale Borough Council,d3001809,02/05/2019,"£25,000.00",MACDONALD AND COMPANY FREELANCE LTD,AGENCY STAFF,ECONOMY DIRECTORATE
Rochdale Borough Council,d1082577,02/05/2019,"£21,450.00",DOBSON UK LTD,CONTRACTS,NEIGHBOURHOODS AND ENVIRONMENT
Rochdale Borough Council,d1082581,02/05/2019,"£20,000.00",NO WORRIES IT LTD,ACTIVITIES,NEIGHBOURHOODS AND ENVIRONMENT
Rochdale Borough Council,d1082580,02/05/2019,"£18,489.00",NO WORRIES IT LTD,ACTIVITIES,NEIGHBOURHOODS AND ENVIRONMENT
Rochdale Borough Council,d2001365,02/05/2019,"£8,883.00",XMA LIMITED,PURCHASE OF ICT HARDWARE,NEIGHBOURHOODS AND ENVIRONMENT
Rochdale Borough Council,d3001812,02/05/2019,"£7,000.00",COMPLIANCE365,PROPERTY - WORKS ELEMENT,PROPERTY AND HIGHWAYS
Rochdale Borough Council,s1024588,02/05/2019,"£5,647.58",UPS BUILDING AND MAINTENANCE LTD,MINOR BUILDING WORKS,ADULT CARE LCO FUNCTIONS
Rochdale Borough Council,d3001816,02/05/2019,"£5,547.88",ATG ACCESS LTD,MINOR BUILDING WORKS,PROPERTY AND HIGHWAYS
Rochdale Borough Council,s1024587,02/05/2019,"£5,409.11",UPS BUILDING AND MAINTENANCE LTD,TRANSACTIONS-EXPENDITURE,ADULT CARE LCO FUNCTIONS
Rochdale Borough Council,r1002110,02/05/2019,"£5,000.00",ROCHDALE TOWN CENTRE MANAGEMENT LTD,CONSULTANTS FEES,ECONOMY DIRECTORATE
Rochdale Borough Council,r1002111,02/05/2019,"£5,000.00",ROCHDALE TOWN CENTRE MANAGEMENT LTD,CONSULTANTS FEES,ECONOMY DIRECTORATE
Rochdale Borough Council,f1007873,03/05/2019,"£180,000.00",ROCHDALE TOWN CENTRE MANAGEMENT LTD,TRANSACTIONS-EXPENDITURE,BUSINESS RATES BID INCOME
Rochdale Borough Council,d1082612,03/05/2019,"£20,000.00",HILL DICKINSON LLP,LEGAL SERVICES EXTERNAL,ECONOMY DIRECTORATE
Rochdale Borough Council,s1024592,03/05/2019,"£16,257.46",QUALIA CARE LTD,RESIDENTIAL LONG TERM,ADULT CARE LCO FUNCTIONS
Rochdale Borough Council,x1017585,03/05/2019,"£11,978.00",LANCASHIRE COUNTY COUNCIL,OTHER LOCAL AUTHORITIES,EARLY HELP AND SCHOOLS
Rochdale Borough Council,ph103582,03/05/2019,"£9,832.16",RIS PRODUCTS LTD,CONTRACTED SERVICES,PUBLIC HEALTH
Rochdale Borough Council,ph103584,03/05/2019,"£5,769.44",BIG LIFE CENTRES,EXPENSES - GENERAL,PUBLIC HEALTH
Rochdale Borough Council,x1017584,03/05/2019,"£5,104.00",GATENBY SANDERSON,TRAINING,CHILDREN’S SOCIAL CARE
Rochdale Borough Council,d2001366,07/05/2019,"£136,495.00",XMA LIMITED,PURCHASE OF ICT HARDWARE,NEIGHBOURHOODS AND ENVIRONMENT
Rochdale Borough Council,s1024595,07/05/2019,"£30,000.00",THE PENNINE ACUTE HOSPITALS NHS TRUST,SERVICE LEVEL AGREEMENTS,ADULT CARE LCO FUNCTIONS
Rochdale Borough Council,x1017592,07/05/2019,"£30,000.00",GATENBY SANDERSON,TRAINING,CHILDREN’S SOCIAL CARE
Rochdale Borough Council,e1028064,07/05/2019,"£25,200.00",BALTIMORE CONSULTING LTD,AGENCY STAFF,EARLY HELP AND SCHOOLS
Rochdale Borough Council,s1024594,07/05/2019,"£19,999.92",THE PENNINE ACUTE HOSPITALS NHS TRUST,SERVICE LEVEL AGREEMENTS,ADULT CARE LCO FUNCTIONS
Rochdale Borough Council,s1024597,07/05/2019,"£19,999.92",THE PENNINE ACUTE HOSPITALS NHS TRUST,SERVICE LEVEL AGREEMENTS,ADULT CARE LCO FUNCTIONS
Rochdale Borough Council,ph103586,07/05/2019,"£17,037.69",ROCHDALE HOUSING INITIATIVE,CONTRACTED SERVICES,PUBLIC HEALTH
Rochdale Borough Council,s1024601,07/05/2019,"£5,872.11",UPS BUILDING AND MAINTENANCE LTD,MINOR BUILDING WORKS,ADULT CARE LCO FUNCTIONS
Rochdale Borough Council,s1024600,07/05/2019,"£5,410.02",UPS BUILDING AND MAINTENANCE LTD,MINOR BUILDING WORKS,ADULT CARE LCO FUNCTIONS
Rochdale Borough Council,d1082619,07/05/2019,"£5,250.00",ROCHDALE HOUSING INITIATIVE,CAPITAL SALARIES,NEIGHBOURHOODS AND ENVIRONMENT
Rochdale Borough Council,e1028088,08/05/2019,"£343,709.98",INSPIREDSPACES ROCHDALE PROJECTCO2 LTD,PFI SCHEMES RPIX,EARLY HELP AND SCHOOLS
Rochdale Borough Council,e1028086,08/05/2019,"£305,589.53",INSPIREDSPACES ROCHDALE PROJECT CO1 LTD,PFI SCHEMES RPIX,EARLY HELP AND SCHOOLS
Rochdale Borough Council,d1082645,08/05/2019,"£83,285.00",BLOOM PROCUREMENT SERVICES LTD,CONSULTANT FEES,NEIGHBOURHOODS AND ENVIRONMENT
Rochdale Borough Council,d3001835,08/05/2019,"£36,000.00",SEVEN ARCHITECTURE LTD,CONSULTANTS FEES,EARLY HELP AND SCHOOLS
Rochdale Borough Council,f1007880,08/05/2019,"£5,937.72",REDACTED - PERSONAL DATA,EQUIPMENT - GENERAL,RESOURCES
Rochdale Borough Council,s1024605,08/05/2019,"£5,596.00",STANNAH LIFT SERVICES LTD,MINOR BUILDING WORKS,ADULT CARE LCO FUNCTIONS
Rochdale Borough Council,f1007879,08/05/2019,"£5,000.00",MHR,PROFESSIONAL FEES,RESOURCES
Rochdale Borough Council,s1024614,09/05/2019,"£222,000.00",ACTION FIRST IPEOPLE LTD,FEES / COMMISSION,COMMISSIONING AND STATUTORY
Rochdale Borough Council,e1028096,09/05/2019,"£63,530.00",BURY COLLEGE,OTHER EST - SEN PROVISION,EARLY HELP AND SCHOOLS
Rochdale Borough Council,d1082668,09/05/2019,"£31,167.00",STANDARD FUEL OILS,TRANSACTIONS-EXPENDITURE,NEIGHBOURHOODS AND ENVIRONMENT
Rochdale Borough Council,s1024612,09/05/2019,"£27,000.00",REDACTED - PERSONAL DATA,EXPENSES - GENERAL,COMMISSIONING AND STATUTORY
Rochdale Borough Council,s1024610,09/05/2019,"£27,000.00",S MUSTAFA LIMITED,EXPENSES - GENERAL,COMMISSIONING AND STATUTORY
Rochdale Borough Council,s1024611,09/05/2019,"£27,000.00",SARA MEDICS LTD,EXPENSES - GENERAL,COMMISSIONING AND STATUTORY
Rochdale Borough Council,r1002117,09/05/2019,"£25,193.38",BRAHM FUNDCO 2 LTD,PFI SCHEMES RPI,ECONOMY DIRECTORATE
Rochdale Borough Council,r1002118,09/05/2019,"£25,193.38",BRAHM FUNDCO 2 LTD,PFI SCHEMES RPI,ECONOMY DIRECTORATE
Rochdale Borough Council,e1028097,09/05/2019,"£20,250.00",PSYCHOLOGY PEOPLE,AGENCY STAFF,EARLY HELP AND SCHOOLS
Rochdale Borough Council,s1024613,09/05/2019,"£15,000.00",MERCY GLOBAL CONSULT LTD,EXPENSES - GENERAL,COMMISSIONING AND STATUTORY
Rochdale Borough Council,d3001853,09/05/2019,"£12,982.45",CRADDY PITCHERS LTD,REPAIRS & ALTS OF BUILDINGS,EARLY HELP AND SCHOOLS
Rochdale Borough Council,d2001369,09/05/2019,"£11,957.00",PERFECT COLOURS LTD,REPROGRAPHIC EXPENSES,PROPERTY AND HIGHWAYS
Rochdale Borough Council,s1024616,09/05/2019,"£11,000.00",REDACTED - PERSONAL DATA,EXPENSES - GENERAL,COMMISSIONING AND STATUTORY
Rochdale Borough Council,s1024617,09/05/2019,"£9,877.00",K P DODD CONSTRUCTION LIMITED,MINOR BUILDING WORKS,ADULT CARE LCO FUNCTIONS
Rochdale Borough Council,s1024617,09/05/2019,"£9,877.00",K P DODD CONSTRUCTION LIMITED,MINOR BUILDING WORKS,ADULT CARE LCO FUNCTIONS
Rochdale Borough Council,s1024618,09/05/2019,"£7,932.02",UPS BUILDING AND MAINTENANCE LTD,MINOR BUILDING WORKS,ADULT CARE LCO FUNCTIONS
Rochdale Borough Council,d1082689,10/05/2019,"£135,000.00",ROCHDALE DEVELOPMENT AGENCY,CAPITAL SALARIES,ECONOMY DIRECTORATE
Rochdale Borough Council,d1082680,10/05/2019,"£52,359.13",OLDHAM AND ROCHDALE GROUNDWORK TRUST LTD,PROPERTY REFURBISHMENT (HOUSING),NEIGHBOURHOODS AND ENVIRONMENT
Rochdale Borough Council,d2001371,10/05/2019,"£20,640.00",IDOX SOFTWARE LTD,SOFTWARE,ECONOMY DIRECTORATE
Rochdale Borough Council,r1002119,10/05/2019,"£19,250.00",LAMBERT SMITH HAMPTON GROUP LTD,CONDITION SURVEYS,ECONOMY DIRECTORATE
Rochdale Borough Council,ph103600,10/05/2019,"£17,133.13",SAFENET DOMESTIC ABUSE SERVICE,PH OTHER CONTRACTS,PUBLIC HEALTH
Rochdale Borough Council,f1007889,10/05/2019,"£12,000.00",GATENBY SANDERSON,CONSULTANT FEES,RESOURCES
Rochdale Borough Council,r1002120,10/05/2019,"£10,000.00",LAMBERT SMITH HAMPTON GROUP LTD,CONDITION SURVEYS,ECONOMY DIRECTORATE
Rochdale Borough Council,d1082683,10/05/2019,"£9,333.49",NORTHGATE VEHICLE HIRE LIMITED,TRANSACTIONS-EXPENDITURE,NEIGHBOURHOODS AND ENVIRONMENT
Rochdale Borough Council,e1028117,13/05/2019,"£50,000.00",MONARCH EDUCATION LTD,OTHER LA`S - SEN PROVISION,EARLY HELP AND SCHOOLS
Rochdale Borough Council,f1007893,13/05/2019,"£5,712.00",GATENBY SANDERSON,RECRUITMENT AGENCY FEES,RESOURCES
Rochdale Borough Council,s1024627,13/05/2019,"£5,450.62",UPS BUILDING AND MAINTENANCE LTD,TRANSACTIONS-EXPENDITURE,ADULT CARE LCO FUNCTIONS
Rochdale Borough Council,s1024625,13/05/2019,"£5,003.38",UPS BUILDING AND MAINTENANCE LTD,MINOR BUILDING WORKS,ADULT CARE LCO FUNCTIONS
Rochdale Borough Council,d1082725,14/05/2019,"£7,000.00",MIDDLETON CARS,TAXI HIRE,NEIGHBOURHOODS AND ENVIRONMENT
Rochdale Borough Council,d1082708,14/05/2019,"£5,000.00",MIDDLETON CARS,TAXI HIRE,NEIGHBOURHOODS AND ENVIRONMENT
Rochdale Borough Council,w1001997,14/05/2019,"£135,306.00",THE STROKE ASSOCIATION,VOLUNTARY ASSOCIATIONS,BETTER CARE FUND POOLED BUDGET
Rochdale Borough Council,s1024643,14/05/2019,"£107,320.07",POSSABILITIES CIC TRADING,INDIVIDUAL SERVICE FUND,ADULT CARE LCO FUNCTIONS
Rochdale Borough Council,w1001996,14/05/2019,"£103,244.04",PENNINE CARE NHS,CONTRACTS,BETTER CARE FUND POOLED BUDGET
Rochdale Borough Council,w1001998,14/05/2019,"£49,218.00",PENNINE CARE NHS,INDEPENDENT UNITS,BETTER CARE FUND POOLED BUDGET
Rochdale Borough Council,s1024639,14/05/2019,"£44,400.00",THE PENNINE ACUTE HOSPITALS NHS TRUST,AGENCY STAFF,ADULT CARE LCO FUNCTIONS
Rochdale Borough Council,d1082715,14/05/2019,"£36,980.00",F S MOULT AND SON,PROPERTY REFURBISHMENT (HOUSING),NEIGHBOURHOODS AND ENVIRONMENT
Rochdale Borough Council,f1007897,14/05/2019,"£16,605.43",MANCHESTER CITY COUNCIL,PROFESSIONAL FEES,RESOURCES
Rochdale Borough Council,ph103606,14/05/2019,"£10,991.01",LINK4LIFE CHARITY,PH OTHER CONTRACTS,PUBLIC HEALTH
Rochdale Borough Council,f1007903,14/05/2019,"£10,678.00",PORTAKABIN LIMITED,EQUIPMENT - GENERAL,RESOURCES
Rochdale Borough Council,s1024635,14/05/2019,"£10,488.69",QUALIA CARE LTD,RESIDENTIAL LONG TERM,ADULT CARE LCO FUNCTIONS
Rochdale Borough Council,s1024636,14/05/2019,"£8,943.33",POSSABILITIES CIC TRADING,INDIVIDUAL SERVICE FUND,ADULT CARE LCO FUNCTIONS
Rochdale Borough Council,s1024638,14/05/2019,"£7,126.39",UPS BUILDING AND MAINTENANCE LTD,TRANSACTIONS-EXPENDITURE,ADULT CARE LCO FUNCTIONS
Rochdale Borough Council,s1024645,15/05/2019,"£23,100.00",CHERISH UK LTD,HOME CARE - ADULT SERVICES,ADULT CARE LCO FUNCTIONS
Rochdale Borough Council,s1024646,15/05/2019,"£10,627.00",K P DODD CONSTRUCTION LIMITED,MINOR BUILDING WORKS,ADULT CARE LCO FUNCTIONS
Rochdale Borough Council,d3001887,15/05/2019,"£7,625.00",TRANSPORT FOR GREATER MANCHESTER,MINOR BUILDING WORKS,ECONOMY DIRECTORATE
Rochdale Borough Council,r1002126,16/05/2019,"£11,100.00",POOLE DICK ASSOCIATES,CONSULTANTS FEES,ECONOMY DIRECTORATE
Rochdale Borough Council,w1002000,16/05/2019,"£7,500.00",TAMESIDE METROPOLITAN BOROUGH COUNCIL,SUBSCRIPTIONS,ADULT CARE LCO FUNCTIONS
Rochdale Borough Council,d2001387,16/05/2019,"£6,897.72",KAPPA LAMBDA SQUARED LTD,SOFTWARE,NEIGHBOURHOODS AND ENVIRONMENT
Rochdale Borough Council,d1082768,16/05/2019,"£6,750.00",BROXAP LIMITED,EQUIPMENT - GENERAL,NEIGHBOURHOODS AND ENVIRONMENT
Rochdale Borough Council,s1024667,17/05/2019,"£92,000.00",ELDERCARE UK LTD,EQUIPMENT - GENERAL,ADULT CARE LCO FUNCTIONS
Rochdale Borough Council,d1082774,17/05/2019,"£9,051.00",OMC FORD OLDHAM,PURCHASE OF VEHICLES,NEIGHBOURHOODS AND ENVIRONMENT
Rochdale Borough Council,d2001391,17/05/2019,"£7,250.00",MODERN MINDSET LTD,SOFTWARE,RESOURCES
Rochdale Borough Council,ph103615,20/05/2019,"£262,000.00",NHS HEYWOOD MIDDLETON AND ROCHDALE CCG,PH LCS PAYMENTS,PUBLIC HEALTH
Rochdale Borough Council,x1017679,20/05/2019,"£76,000.00",BALTIMORE CONSULTING LTD,AGENCY STAFF,CHILDREN’S SOCIAL CARE
Rochdale Borough Council,x1017678,20/05/2019,"£5,000.00",RANDSTAD EDUCATION,INDEPENDENT UNITS,EARLY HELP AND SCHOOLS
Rochdale Borough Council,d3001912,21/05/2019,"£357,441.33",COMMUNITY LIGHTING PARTNERSHIP ROCHDALE LTD,PFI SCHEMES RPIX,PROPERTY AND HIGHWAYS
Rochdale Borough Council,x1017686,21/05/2019,"£76,000.00",HAMPTONS RESOURCING LTD,AGENCY STAFF,CHILDREN’S SOCIAL CARE
Rochdale Borough Council,f1007925,21/05/2019,"£17,250.00",NORTHGATE PUBLIC SERVICES UK LTD,SOFTWARE,RESOURCES
Rochdale Borough Council,ph103623,21/05/2019,"£7,650.00",TOM HARRISON HOUSE,CONTRACTED SERVICES,PUBLIC HEALTH
Rochdale Borough Council,d1082801,21/05/2019,"£6,275.00",EARLEY ORNAMENTALS LTD,"TREES, SHRUBS, PLANTS",NEIGHBOURHOODS AND ENVIRONMENT
Rochdale Borough Council,d1082802,21/05/2019,"£5,276.00",EMO OIL LIMITED,OIL,NEIGHBOURHOODS AND ENVIRONMENT
Rochdale Borough Council,e1028154,22/05/2019,"£43,372.05",TRANSPORT FOR GREATER MANCHESTER,STUDENT TRAVEL,EARLY HELP AND SCHOOLS
Rochdale Borough Council,r1002129,22/05/2019,"£35,325.00",PRICE AND MYERS,CONSULTANTS FEES,ECONOMY DIRECTORATE
Rochdale Borough Council,f1007928,22/05/2019,"£27,740.85",SECURITY PLUS LIMITED,TRANSACTIONS-EXPENDITURE,EARLY HELP AND SCHOOLS
Rochdale Borough Council,s1024688,22/05/2019,"£6,263.69",UPS BUILDING AND MAINTENANCE LTD,MINOR BUILDING WORKS,ADULT CARE LCO FUNCTIONS
Rochdale Borough Council,s1024684,22/05/2019,"£5,886.29",UPS BUILDING AND MAINTENANCE LTD,TRANSACTIONS-EXPENDITURE,ADULT CARE LCO FUNCTIONS
Rochdale Borough Council,s1024682,22/05/2019,"£5,511.40",UPS BUILDING AND MAINTENANCE LTD,MINOR BUILDING WORKS,ADULT CARE LCO FUNCTIONS
Rochdale Borough Council,s1024681,22/05/2019,"£5,101.34",UPS BUILDING AND MAINTENANCE LTD,MINOR BUILDING WORKS,ADULT CARE LCO FUNCTIONS
Rochdale Borough Council,d1082825,23/05/2019,"£64,785.00",SSI SCHAEFER LIMITED,PURCHASE OF FURNITURE AND EQUIPMENT,NEIGHBOURHOODS AND ENVIRONMENT
Rochdale Borough Council,d1082832,23/05/2019,"£31,533.00",STANDARD FUEL OILS,TRANSACTIONS-EXPENDITURE,NEIGHBOURHOODS AND ENVIRONMENT
Rochdale Borough Council,d1082840,23/05/2019,"£17,719.00",GROUNDWORK LANDSCAPES LIMITED,ENVIRONMENTAL WORKS LANDSCAPE,NEIGHBOURHOODS AND ENVIRONMENT
Rochdale Borough Council,f1007930,23/05/2019,"£12,000.00",ALLIED PUBLICITY SERVICES MANCHESTER LTD,EXTERNAL CONTRACTED PRINTING,RESOURCES
Rochdale Borough Council,s1024694,23/05/2019,"£9,609.08",ROSS CARE,ADAPTATIONS,ADULT CARE LCO FUNCTIONS
Rochdale Borough Council,s1024692,23/05/2019,"£8,765.67",UPS BUILDING AND MAINTENANCE LTD,MINOR BUILDING WORKS,ADULT CARE LCO FUNCTIONS
Rochdale Borough Council,s1024698,23/05/2019,"£8,067.46",UPS BUILDING AND MAINTENANCE LTD,MINOR BUILDING WORKS,ADULT CARE LCO FUNCTIONS
Rochdale Borough Council,d1082831,23/05/2019,"£6,000.00",LANES GROUP PLC,MAINTENANCE,NEIGHBOURHOODS AND ENVIRONMENT
Rochdale Borough Council,d1082834,23/05/2019,"£5,809.27",DIRECT TYRE MANAGEMENT LTD,TYRES,NEIGHBOURHOODS AND ENVIRONMENT
Rochdale Borough Council,s1024695,23/05/2019,"£5,045.40",UPS BUILDING AND MAINTENANCE LTD,MINOR BUILDING WORKS,ADULT CARE LCO FUNCTIONS
Rochdale Borough Council,x1017700,24/05/2019,"£50,000.00",ADOPTION MATTERS NORTHWEST,ADOPTION PAYMENTS,CHILDREN’S SOCIAL CARE
Rochdale Borough Council,s1024702,24/05/2019,"£10,785.00",ROSS CARE,MINOR BUILDING WORKS,ADULT CARE LCO FUNCTIONS
Rochdale Borough Council,ph103627,24/05/2019,"£8,148.30",NHS OLDHAM CCG,PROFESSIONAL FEES,PUBLIC HEALTH
Rochdale Borough Council,ph103629,24/05/2019,"£7,109.34",MANCHESTER UNIVERSITY NHS FOUNDATION TRUST MFT,SERVICE LEVEL AGREEMENTS,PUBLIC HEALTH
Rochdale Borough Council,d2001409,28/05/2019,"£54,541.59",MHR,SOFTWARE,NEIGHBOURHOODS AND ENVIRONMENT
Rochdale Borough Council,d1082871,28/05/2019,"£39,332.18",ROCHDALE DEVELOPMENT AGENCY,BASIC SALARIES,ECONOMY DIRECTORATE
Rochdale Borough Council,d2001407,28/05/2019,"£9,204.57",MHR,SOFTWARE,RESOURCES
Rochdale Borough Council,d2001408,28/05/2019,"£8,766.21",MHR,SOFTWARE,RESOURCES
Rochdale Borough Council,d1082863,28/05/2019,"£7,000.00",G AND A TAYLOR HOTELS LTD,ACCOMMODATION,NEIGHBOURHOODS AND ENVIRONMENT
Rochdale Borough Council,d1082864,28/05/2019,"£7,000.00",G AND A TAYLOR HOTELS LTD,ACCOMMODATION,NEIGHBOURHOODS AND ENVIRONMENT
Rochdale Borough Council,d1082865,28/05/2019,"£7,000.00",G AND A TAYLOR HOTELS LTD,ACCOMMODATION,NEIGHBOURHOODS AND ENVIRONMENT
Rochdale Borough Council,d1082866,28/05/2019,"£7,000.00",G AND A TAYLOR HOTELS LTD,ACCOMMODATION,NEIGHBOURHOODS AND ENVIRONMENT
Rochdale Borough Council,d1082867,28/05/2019,"£7,000.00",G AND A TAYLOR HOTELS LTD,ACCOMMODATION,NEIGHBOURHOODS AND ENVIRONMENT
Rochdale Borough Council,d3001930,28/05/2019,"£5,627.50",LINK4LIFE TRADING,MINOR BUILDING WORKS,PROPERTY AND HIGHWAYS
Rochdale Borough Council,d3001929,28/05/2019,"£5,338.83",LINK4LIFE CHARITY,MINOR BUILDING WORKS,PROPERTY AND HIGHWAYS
Rochdale Borough Council,d2001413,29/05/2019,"£79,397.66",PHOENIX SOFTWARE LIMITED,SOFTWARE,NEIGHBOURHOODS AND ENVIRONMENT
Rochdale Borough Council,e1028190,29/05/2019,"£15,882.70",AXIOM EDUCATION ROCHDALE LIMITED,MEALS,EARLY HELP AND SCHOOLS
Rochdale Borough Council,f1007940,29/05/2019,"£15,580.59",ROYAL MAIL GROUP LTD,POSTAGE,RESOURCES
Rochdale Borough Council,ph103631,29/05/2019,"£11,667.49",BIG LIFE CENTRES,PH LCS PAYMENTS,PUBLIC HEALTH
Rochdale Borough Council,d3001939,29/05/2019,"£10,000.00",UNITY PARTNERSHIP LTD,MINOR BUILDING WORKS,PROPERTY AND HIGHWAYS
Rochdale Borough Council,s1024713,29/05/2019,"£8,768.74",UPS BUILDING AND MAINTENANCE LTD,MINOR BUILDING WORKS,ADULT CARE LCO FUNCTIONS
Rochdale Borough Council,s1024709,29/05/2019,"£8,053.45",CAREWATCH CARE SERVICES LTD,HOME CARE - ADULT SERVICES,ADULT CARE LCO FUNCTIONS
Rochdale Borough Council,d3001940,29/05/2019,"£7,434.00",GINGER LEHMANN LTD,ASSET MANAGEMENT PLANS & SURVEYS,PROPERTY AND HIGHWAYS
Rochdale Borough Council,s1024712,29/05/2019,"£5,506.06",UPS BUILDING AND MAINTENANCE LTD,MINOR BUILDING WORKS,ADULT CARE LCO FUNCTIONS
Rochdale Borough Council,s1024720,30/05/2019,"£60,000.00",NHS HEYWOOD MIDDLETON AND ROCHDALE CCG,AGENCY STAFF,COMMISSIONING AND STATUTORY
Rochdale Borough Council,f1007948,30/05/2019,"£50,000.00",JACOBS,INPUT VAT -  ADJUSTMENTS,RESOURCES
Rochdale Borough Council,f1007949,30/05/2019,"£35,000.00",ROSSENDALES,INPUT VAT -  ADJUSTMENTS,RESOURCES
Rochdale Borough Council,ph103633,30/05/2019,"£6,428.91",BIG LIFE CENTRES,CONTRACTED SERVICES,PUBLIC HEALTH
Rochdale Borough Council,s1024715,30/05/2019,"£5,892.90",UPS BUILDING AND MAINTENANCE LTD,MINOR BUILDING WORKS,ADULT CARE LCO FUNCTIONS
Rochdale Borough Council,s1024717,30/05/2019,"£5,735.07",UPS BUILDING AND MAINTENANCE LTD,MINOR BUILDING WORKS,ADULT CARE LCO FUNCTIONS
Rochdale Borough Council,x1017726,30/05/2019,"£5,670.00",NOMS AGENCY,SERVICE LEVEL AGREEMENTS,CHILDREN’S SOCIAL CARE
Rochdale Borough Council,x1017727,30/05/2019,"£5,481.00",NOMS AGENCY,SERVICE LEVEL AGREEMENTS,CHILDREN’S SOCIAL CARE
Rochdale Borough Council,f1007952,31/05/2019,"£45,041.04",ROYAL MAIL GROUP LTD,POSTAGE,RESOURCES
Rochdale Borough Council,f1007956,31/05/2019,"£27,755.70",HILL DICKINSON LLP,PROFESSIONAL FEES,RESOURCES
Rochdale Borough Council,ph103637,31/05/2019,"£18,500.00",CARTWHEEL ARTS,CONTRACTED SERVICES,PUBLIC HEALTH
Rochdale Borough Council,ph103636,31/05/2019,"£18,155.46",BIG LIFE CENTRES,CONTRACTED SERVICES,PUBLIC HEALTH
Rochdale Borough Council,ph103640,31/05/2019,"£16,024.00",HEYWOOD MIDDLETON AND ROCHDALE CIRCLE,CONTRACTED SERVICES,PUBLIC HEALTH
Rochdale Borough Council,ph103646,31/05/2019,"£16,000.00",STATUS 4 ALL,CONTRACTED SERVICES,PUBLIC HEALTH
Rochdale Borough Council,f1007954,31/05/2019,"£14,310.00",PORTAKABIN LIMITED,ROOM HIRE,RESOURCES
Rochdale Borough Council,ph103645,31/05/2019,"£12,000.00",SKYLIGHT CIRCUS ARTS,CONTRACTED SERVICES,PUBLIC HEALTH
Rochdale Borough Council,ph103642,31/05/2019,"£11,180.00",LINK4LIFE CHARITY,CONTRACTED SERVICES,PUBLIC HEALTH
Rochdale Borough Council,ph103639,31/05/2019,"£10,000.00",DEMESNE COMMUNITY ASSOCIATION,CONTRACTED SERVICES,PUBLIC HEALTH
Rochdale Borough Council,ph103641,31/05/2019,"£10,000.00",KASHMIR YOUTH PROJECT,CONTRACTED SERVICES,PUBLIC HEALTH
Rochdale Borough Council,ph103644,31/05/2019,"£10,000.00",ROCHDALE AFC COMMUNITY SPORTS TRUST,CONTRACTED SERVICES,PUBLIC HEALTH
Rochdale Borough Council,ph103643,31/05/2019,"£7,425.00",MOOREND DEVELOPMENT TRUST LIMITED,CONTRACTED SERVICES,PUBLIC HEALTH
Rochdale Borough Council,s1024721,31/05/2019,"£6,380.00",TUNSTALL HEALTHCARE (UK) LTD,PURCHASE OF FURNITURE AND EQUIPMENT,ADULT CARE LCO FUNCTIONS
Rochdale Borough Council,d2001429,31/05/2019,"£6,298.84",XMA LIMITED,ACTIVITIES,NEIGHBOURHOODS AND ENVIRONMENT
Rochdale Borough Council,ph103635,31/05/2019,"£5,000.00",BANGLADESH ASSOCIATION AND COMMUNITY PROJECT,CONTRACTED SERVICES,PUBLIC HEALTH
Rochdale Borough Council,d3001954,03/06/2019,"£1,274,217.00",PLP CONSTRUCTION LIMITED,MINOR BUILDING WORKS,EARLY HELP AND SCHOOLS
Rochdale Borough Council,d2001445,03/06/2019,"£63,395.69",LIQUIDLOGIC LTD,SOFTWARE,CHILDREN’S SOCIAL CARE
Rochdale Borough Council,s1024725,03/06/2019,"£48,000.00",THE PENNINE ACUTE HOSPITALS NHS TRUST,SERVICE LEVEL AGREEMENTS,ADULT CARE LCO FUNCTIONS
Rochdale Borough Council,d3001955,03/06/2019,"£40,474.07",JACKSON JACKSON AND SONS LTD,MINOR BUILDING WORKS,EARLY HELP AND SCHOOLS
Rochdale Borough Council,r1002136,03/06/2019,"£35,325.00",PRICE AND MYERS,CONSULTANTS FEES,ECONOMY DIRECTORATE
Rochdale Borough Council,e1028200,03/06/2019,"£34,926.00",NHS HEYWOOD MIDDLETON AND ROCHDALE CCG,ACTIVITIES,EARLY HELP AND SCHOOLS
Rochdale Borough Council,r1002135,03/06/2019,"£13,805.00",PRICE AND MYERS,CONSULTANTS FEES,ECONOMY DIRECTORATE
Rochdale Borough Council,r1002134,03/06/2019,"£13,180.00",PRICE AND MYERS,CONSULTANTS FEES,ECONOMY DIRECTORATE
Rochdale Borough Council,e1028203,03/06/2019,"£9,272.51",SEVEN RESOURCING LTD,AGENCY STAFF,CHILDREN’S SOCIAL CARE
Rochdale Borough Council,d1082918,03/06/2019,"£7,800.00",I BRANDED LTD,EVENTS,NEIGHBOURHOODS AND ENVIRONMENT
Rochdale Borough Council,s1024730,03/06/2019,"£5,388.89",UPS BUILDING AND MAINTENANCE LTD,MINOR BUILDING WORKS,ADULT CARE LCO FUNCTIONS
Rochdale Borough Council,s1024728,03/06/2019,"£5,141.98",UPS BUILDING AND MAINTENANCE LTD,TRANSACTIONS-EXPENDITURE,ADULT CARE LCO FUNCTIONS
Rochdale Borough Council,x1017760,03/06/2019,"£5,000.00",RANDSTAD EDUCATION,INDEPENDENT UNITS,EARLY HELP AND SCHOOLS
Rochdale Borough Council,d3001957,04/06/2019,"£59,866.00",W H GOOD LIMITED,MINOR BUILDING WORKS,PROPERTY AND HIGHWAYS
Rochdale Borough Council,f1007966,04/06/2019,"£18,118.40",ALPHATECH PRINT AND DATA SERVICES LTD,PRINTING & STATIONERY,RESOURCES
Rochdale Borough Council,ph103652,04/06/2019,"£17,133.13",SAFENET DOMESTIC ABUSE SERVICE,PH OTHER CONTRACTS,PUBLIC HEALTH
Rochdale Borough Council,f1007968,04/06/2019,"£11,057.40",ALPHATECH PRINT AND DATA SERVICES LTD,PRINTING & STATIONERY,RESOURCES
Rochdale Borough Council,f1007969,04/06/2019,"£10,144.23",ALPHATECH PRINT AND DATA SERVICES LTD,PRINTING & STATIONERY,RESOURCES
Rochdale Borough Council,f1007974,04/06/2019,"£7,775.26",ALPHATECH PRINT AND DATA SERVICES LTD,PRINTING & STATIONERY,RESOURCES
Rochdale Borough Council,ph103650,04/06/2019,"£6,617.93",BRAHM FUNDCO 1 LTD,RENTS,PUBLIC HEALTH
Rochdale Borough Council,s1024737,04/06/2019,"£6,492.00",STANNAH LIFT SERVICES LTD,MINOR BUILDING WORKS,ADULT CARE LCO FUNCTIONS
Rochdale Borough Council,d1082936,04/06/2019,"£5,550.00",ROCHDALE HOUSING INITIATIVE,CAPITAL SALARIES,NEIGHBOURHOODS AND ENVIRONMENT
Rochdale Borough Council,d1082935,04/06/2019,"£5,006.00",ROCHDALE HOUSING INITIATIVE,CAPITAL SALARIES,NEIGHBOURHOODS AND ENVIRONMENT
Rochdale Borough Council,x1017774,04/06/2019,"£5,000.00",RANDSTAD EDUCATION,INDEPENDENT UNITS,EARLY HELP AND SCHOOLS
Rochdale Borough Council,d3001970,05/06/2019,"£159,527.00",FRS ROOFING SERVICES LIMITED,MINOR BUILDING WORKS,PROPERTY AND HIGHWAYS
Rochdale Borough Council,d1082958,05/06/2019,"£43,896.05",OLDHAM AND ROCHDALE GROUNDWORK TRUST LTD,CAPITAL SALARIES,NEIGHBOURHOODS AND ENVIRONMENT
Rochdale Borough Council,d1082959,05/06/2019,"£43,896.05",OLDHAM AND ROCHDALE GROUNDWORK TRUST LTD,CAPITAL SALARIES,NEIGHBOURHOODS AND ENVIRONMENT
Rochdale Borough Council,e1028210,05/06/2019,"£33,600.00",POSITIVE STEPS,EXTERNALLY MANAGED FUNDS,EARLY HELP AND SCHOOLS
Rochdale Borough Council,ph103664,05/06/2019,"£16,114.00",KENYON BLOCK CONSULTANTS LTD,AGENCY STAFF,NEIGHBOURHOODS AND ENVIRONMENT
Rochdale Borough Council,d1082957,05/06/2019,"£10,000.00",OLDHAM AND ROCHDALE GROUNDWORK TRUST LTD,GRANTS TO OTHER BODIES,NEIGHBOURHOODS AND ENVIRONMENT
Rochdale Borough Council,d1082963,05/06/2019,"£7,012.20",THE PLAY INSPECTION COMPANY LTD,MAINTENANCE,NEIGHBOURHOODS AND ENVIRONMENT
Rochdale Borough Council,d3001971,05/06/2019,"£6,795.00",SOLMEK LTD,CONSULTANTS FEES,EARLY HELP AND SCHOOLS
Rochdale Borough Council,d1082977,06/06/2019,"£16,442.00",VICTIM SUPPORT,INTERNALLY COMMISSIONED SERVICES (EXP),NEIGHBOURHOODS AND ENVIRONMENT
Rochdale Borough Council,f1007979,06/06/2019,"£16,000.00",INFORM CPI LTD,FEES / COMMISSION,RESOURCES
Rochdale Borough Council,ph103667,06/06/2019,"£9,832.16",RIS PRODUCTS LTD,CONTRACTED SERVICES,PUBLIC HEALTH
Rochdale Borough Council,ph103666,06/06/2019,"£8,227.69",ROCHDALE HOUSING INITIATIVE,CONTRACTED SERVICES,PUBLIC HEALTH
Rochdale Borough Council,s1024749,06/06/2019,"£6,997.51",UPS BUILDING AND MAINTENANCE LTD,MINOR BUILDING WORKS,ADULT CARE LCO FUNCTIONS
Rochdale Borough Council,s1024750,06/06/2019,"£5,851.66",UPS BUILDING AND MAINTENANCE LTD,MINOR BUILDING WORKS,ADULT CARE LCO FUNCTIONS
Rochdale Borough Council,s1024755,06/06/2019,"£5,531.72",UPS BUILDING AND MAINTENANCE LTD,MINOR BUILDING WORKS,ADULT CARE LCO FUNCTIONS
Rochdale Borough Council,e1028222,07/06/2019,"£707,943.61",AXIOM EDUCATION ROCHDALE LIMITED,PFI SCHEMES RPIX,EARLY HELP AND SCHOOLS
Rochdale Borough Council,e1028224,07/06/2019,"£422,969.89",INSPIREDSPACES ROCHDALE PROJECTCO2 LTD,PFI SCHEMES RPIX,EARLY HELP AND SCHOOLS
Rochdale Borough Council,e1028223,07/06/2019,"£343,377.23",INSPIREDSPACES ROCHDALE PROJECT CO1 LTD,PFI SCHEMES RPIX,EARLY HELP AND SCHOOLS
Rochdale Borough Council,r1002140,07/06/2019,"£39,635.00",AECOM LIMITED,MINOR BUILDING WORKS,PROPERTY AND HIGHWAYS
Rochdale Borough Council,d3001984,07/06/2019,"£10,800.00",GVA GRIMLEY LTD,MINOR BUILDING WORKS,ECONOMY DIRECTORATE
Rochdale Borough Council,d4001783,07/06/2019,"£6,822.84",OTIS LTD,SPECIFIED MAINTENANCE,NEIGHBOURHOODS AND ENVIRONMENT
Rochdale Borough Council,d3001982,07/06/2019,"£5,890.00",C E S LTD,EQUIPMENT - GENERAL,NEIGHBOURHOODS AND ENVIRONMENT
Rochdale Borough Council,s1024759,07/06/2019,"£5,765.10",APOLLO HOME HEALTHCARE,HOME CARE - ADULT SERVICES,ADULT CARE LCO FUNCTIONS
Rochdale Borough Council,e1028221,07/06/2019,"£5,000.00",RISE,ACTIVITIES,EARLY HELP AND SCHOOLS
Rochdale Borough Council,e1028227,10/06/2019,"£97,610.00",NHS HEYWOOD MIDDLETON AND ROCHDALE CCG,ACTIVITIES,EARLY HELP AND SCHOOLS
Rochdale Borough Council,w1002004,10/06/2019,"£85,875.49",ROSS CARE,CONTRACTS,BETTER CARE FUND POOLED BUDGET
Rochdale Borough Council,w1002003,10/06/2019,"£79,184.13",ROSS CARE,CONTRACTS,BETTER CARE FUND POOLED BUDGET
Rochdale Borough Council,r1002141,10/06/2019,"£25,193.38",BRAHM FUNDCO 2 LTD,PFI SCHEMES RPI,ECONOMY DIRECTORATE
Rochdale Borough Council,ph103675,10/06/2019,"£24,875.00",LINK4LIFE CHARITY,PH OTHER CONTRACTS,PUBLIC HEALTH
Rochdale Borough Council,d2001465,10/06/2019,"£19,093.23",IDOX SOFTWARE LTD,SOFTWARE,NEIGHBOURHOODS AND ENVIRONMENT
Rochdale Borough Council,d1082993,10/06/2019,"£8,000.00",STAR TRAQ,SOFTWARE,NEIGHBOURHOODS AND ENVIRONMENT
Rochdale Borough Council,f1007983,10/06/2019,"£6,300.00",CLEARWATER RISK MANAGEMENT LTD,TRAINING,RESOURCES
Rochdale Borough Council,d3001994,10/06/2019,"£5,983.20",WILDE CONSULTING ENGINEERS,ROADWORKS,PROPERTY AND HIGHWAYS
Rochdale Borough Council,s1024768,11/06/2019,"£488,440.00",THE PENNINE ACUTE HOSPITALS NHS TRUST,INDEPENDENT UNITS,BETTER CARE FUND POOLED BUDGET
Rochdale Borough Council,e1028233,11/06/2019,"£29,934.00",ST JOHN VIANNEY SCHOOL,OTHER LA`S - SEN PROVISION,EARLY HELP AND SCHOOLS
Rochdale Borough Council,s1024777,11/06/2019,"£23,100.00",CHERISH UK LTD,HOME CARE - ADULT SERVICES,ADULT CARE LCO FUNCTIONS
Rochdale Borough Council,s1024775,11/06/2019,"£16,000.00",MANCHESTER WORKING LIMITED,MAINTENANCE STAIRLIFTS,ADULT CARE LCO FUNCTIONS
Rochdale Borough Council,ph103679,11/06/2019,"£9,975.00",FMG CONSULTING LTD,PH OTHER CONTRACTS,PUBLIC HEALTH
Rochdale Borough Council,d1083026,11/06/2019,"£9,562.36",NORTHGATE VEHICLE HIRE LIMITED,TRANSACTIONS-EXPENDITURE,NEIGHBOURHOODS AND ENVIRONMENT
Rochdale Borough Council,r1002142,11/06/2019,"£9,000.00",TAMESIDE METROPOLITAN BOROUGH COUNCIL,ACTIVITIES,ECONOMY DIRECTORATE
Rochdale Borough Council,f1007993,11/06/2019,"£8,431.12",HSBC MERCHANT SERVICES,BANK CHARGES,RESOURCES
Rochdale Borough Council,s1024769,11/06/2019,"£7,929.08",UPS BUILDING AND MAINTENANCE LTD,MINOR BUILDING WORKS,ADULT CARE LCO FUNCTIONS
Rochdale Borough Council,f1007996,11/06/2019,"£6,277.25",ALPHATECH PRINT AND DATA SERVICES LTD,PRINTING & STATIONERY,RESOURCES
Rochdale Borough Council,s1024774,11/06/2019,"£5,606.32",UPS BUILDING AND MAINTENANCE LTD,MINOR BUILDING WORKS,ADULT CARE LCO FUNCTIONS
Rochdale Borough Council,s1024773,11/06/2019,"£5,444.58",UPS BUILDING AND MAINTENANCE LTD,TRANSACTIONS-EXPENDITURE,ADULT CARE LCO FUNCTIONS
Rochdale Borough Council,s1024771,11/06/2019,"£5,421.36",UPS BUILDING AND MAINTENANCE LTD,TRANSACTIONS-EXPENDITURE,ADULT CARE LCO FUNCTIONS
Rochdale Borough Council,s1024767,11/06/2019,"£5,419.15",QUALIA CARE LTD,RESIDENTIAL LONG TERM,ADULT CARE LCO FUNCTIONS
Rochdale Borough Council,s1024778,11/06/2019,"£5,121.55",UPS BUILDING AND MAINTENANCE LTD,TRANSACTIONS-EXPENDITURE,ADULT CARE LCO FUNCTIONS
Rochdale Borough Council,s1024782,12/06/2019,"£60,000.00",NHS HEYWOOD MIDDLETON AND ROCHDALE CCG,AGENCY STAFF,COMMISSIONING AND STATUTORY
Rochdale Borough Council,ph103683,12/06/2019,"£53,913.00",EARLY BREAK,ACTIVITIES,PUBLIC HEALTH
Rochdale Borough Council,f1008005,12/06/2019,"£14,310.00",PORTAKABIN LIMITED,ROOM HIRE,RESOURCES
Rochdale Borough Council,d1083029,12/06/2019,"£8,411.04",JAAMA LTD,EQUIPMENT - GENERAL,NEIGHBOURHOODS AND ENVIRONMENT
Rochdale Borough Council,x1017819,12/06/2019,"£6,228.00",REACH PUBLISHING SERVICES LTD,ADVERTISING,CHILDREN’S SOCIAL CARE
Rochdale Borough Council,e1028247,12/06/2019,"£6,150.00",PC COACHES OF LINCOLN LTD,EXTERNAL HIRE,EARLY HELP AND SCHOOLS
Rochdale Borough Council,d3002002,12/06/2019,"£5,276.99",F S MOULT AND SON,PROPERTY REFURBISHMENT (HOUSING),NEIGHBOURHOODS AND ENVIRONMENT
Rochdale Borough Council,x1017825,13/06/2019,"£31,620.00",ADOPTERS FOR ADOPTION,ADOPTION PAYMENTS,CHILDREN’S SOCIAL CARE
Rochdale Borough Council,d3002016,13/06/2019,"£136,045.00",J GREENWOOD (BUILDERS) LIMITED,MINOR BUILDING WORKS,PROPERTY AND HIGHWAYS
Rochdale Borough Council,s1024783,13/06/2019,"£60,000.00",NHS HEYWOOD MIDDLETON AND ROCHDALE CCG,AGENCY STAFF,COMMISSIONING AND STATUTORY
Rochdale Borough Council,r1002155,13/06/2019,"£42,193.20",ROCHDALE DEVELOPMENT AGENCY,BASIC SALARIES,ECONOMY DIRECTORATE
Rochdale Borough Council,d4001815,13/06/2019,"£32,982.51",ALLIANCE DISPOSABLES LIMITED,EQUIPMENT - GENERAL,NEIGHBOURHOODS AND ENVIRONMENT
Rochdale Borough Council,e1028265,13/06/2019,"£15,922.69",OLDHAM COLLEGE,OTHER EST - SEN PROVISION,EARLY HELP AND SCHOOLS
Rochdale Borough Council,x1017826,13/06/2019,"£11,890.00",BOLTON MBC,FEES / COMMISSION,CHILDREN’S SOCIAL CARE
Rochdale Borough Council,d1083055,13/06/2019,"£8,257.50",WHEELDON BROTHERS WASTE LIMITED,CONTRACTS,NEIGHBOURHOODS AND ENVIRONMENT
Rochdale Borough Council,d4001813,13/06/2019,"£8,190.76",FOREST FUELS LTD,REPAIRS & ALTS OF BUILDINGS,NEIGHBOURHOODS AND ENVIRONMENT
Rochdale Borough Council,d4001816,13/06/2019,"£7,626.10",CORPS,SECURITY,NEIGHBOURHOODS AND ENVIRONMENT
Rochdale Borough Council,d1083060,13/06/2019,"£6,000.00",LANES GROUP PLC,MAINTENANCE,NEIGHBOURHOODS AND ENVIRONMENT
Rochdale Borough Council,ph103689,14/06/2019,"£48,484.36",BIG LIFE CENTRES,CONTRACTED SERVICES,PUBLIC HEALTH
Rochdale Borough Council,f1008016,14/06/2019,"£30,127.40",PREMIER AUTOMOTIVE LTD,PURCHASE OF VEHICLES,NEIGHBOURHOODS AND ENVIRONMENT
Rochdale Borough Council,d1083063,14/06/2019,"£29,904.00",STANDARD FUEL OILS,TRANSACTIONS-EXPENDITURE,NEIGHBOURHOODS AND ENVIRONMENT
Rochdale Borough Council,d1083076,14/06/2019,"£14,500.00",THE CAMPAIGN COMPANY LTD,GRANTS TO THE NON VOLUNTARY SECTOR,NEIGHBOURHOODS AND ENVIRONMENT
Rochdale Borough Council,ph103691,14/06/2019,"£5,000.00",PENNINE CARE NHS,PH OTHER CONTRACTS,PUBLIC HEALTH
Rochdale Borough Council,d3002025,16/06/2019,"£1,218,903.00",NPOWER LIMITED,ELECTRICITY,PROPERTY AND HIGHWAYS
Rochdale Borough Council,f1008018,16/06/2019,"£67,188.00",GALLAGHER BASSETT INTERNATIONAL LTD,TRANSACTIONS-EXPENDITURE,RESOURCES
Rochdale Borough Council,d3002029,17/06/2019,"£93,925.28",J C MILLS & SON LIMITED,MINOR BUILDING WORKS,EARLY HELP AND SCHOOLS
Rochdale Borough Council,d3002028,17/06/2019,"£41,415.00",THOMAS KERSHAW BUILDERS LTD,MINOR BUILDING WORKS,NEIGHBOURHOODS AND ENVIRONMENT
Rochdale Borough Council,f1008023,17/06/2019,"£26,254.00",MAZARS LLP,FEES / COMMISSION,RESOURCES
Rochdale Borough Council,x1017845,17/06/2019,"£8,140.00",CARTWHEEL ARTS,ACTIVITIES,EARLY HELP AND SCHOOLS
Rochdale Borough Council,ph103702,17/06/2019,"£6,888.00",THE PENNINE ACUTE HOSPITALS NHS TRUST,PH OTHER CONTRACTS,PUBLIC HEALTH
Rochdale Borough Council,d2001488,17/06/2019,"£6,860.00",LIQUIDLOGIC LTD,SOFTWARE LICENSES,NEIGHBOURHOODS AND ENVIRONMENT
Rochdale Borough Council,ph103701,17/06/2019,"£6,773.00",THE PENNINE ACUTE HOSPITALS NHS TRUST,PH OTHER CONTRACTS,PUBLIC HEALTH
Rochdale Borough Council,e1028269,17/06/2019,"£5,714.28",POSSABILITIES CIC TRADING,BUDGET TO BE ALLOCATED,EARLY HELP AND SCHOOLS
Rochdale Borough Council,ph103700,17/06/2019,"£5,681.75",MANCHESTER UNIVERSITY NHS FOUNDATION TRUST MFT,SERVICE LEVEL AGREEMENTS,PUBLIC HEALTH
Rochdale Borough Council,d3002047,18/06/2019,"£385,040.94",COMMUNITY LIGHTING PARTNERSHIP ROCHDALE LTD,PFI SCHEMES RPIX,PROPERTY AND HIGHWAYS
Rochdale Borough Council,d1083095,18/06/2019,"£190,000.00",THE PENNINE ACUTE HOSPITALS NHS TRUST,MORTUARY CHARGES,NEIGHBOURHOODS AND ENVIRONMENT
Rochdale Borough Council,d1083104,18/06/2019,"£105,000.00",BATE AND HOLLAND FUNERAL SERVICES LTD,UNDERTAKERS COSTS,NEIGHBOURHOODS AND ENVIRONMENT
Rochdale Borough Council,d3002039,18/06/2019,"£39,402.69",F S MOULT AND SON,MINOR BUILDING WORKS,EARLY HELP AND SCHOOLS
Rochdale Borough Council,f1008024,18/06/2019,"£9,958.00",KPMG LLP,PROFESSIONAL FEES,RESOURCES
Rochdale Borough Council,s1024796,18/06/2019,"£8,375.01",NHS HEYWOOD MIDDLETON AND ROCHDALE CCG,HOME CARE - ADULT SERVICES,ADULT CARE LCO FUNCTIONS
Rochdale Borough Council,d1083106,19/06/2019,"£59,000.00",REDACTED - PERSONAL DATA,MEDICAL FEES,NEIGHBOURHOODS AND ENVIRONMENT
Rochdale Borough Council,s1024800,19/06/2019,"£55,000.08",POSSABILITIES CIC TRADING,SOCIAL SERVICES OTHER,ADULT CARE LCO FUNCTIONS
Rochdale Borough Council,d3002052,19/06/2019,"£24,650.00",ABM LANCASHIRE LIMITED,MINOR BUILDING WORKS,PROPERTY AND HIGHWAYS
Rochdale Borough Council,d1083108,19/06/2019,"£24,000.00",APC PATHOLOGY LTD,OTHER MEDICAL EXPENSES,NEIGHBOURHOODS AND ENVIRONMENT
Rochdale Borough Council,d1083111,19/06/2019,"£18,000.00",MANCHESTER UNIVERSITY NHS FOUNDATION TRUST MFT,CHILDRENS POST MORTEMS,NEIGHBOURHOODS AND ENVIRONMENT
Rochdale Borough Council,d3002054,19/06/2019,"£15,518.29",CANAL AND RIVER TRUST,REPAIRS & ALTS OF BUILDINGS,PROPERTY AND HIGHWAYS
Rochdale Borough Council,d1083113,19/06/2019,"£10,730.00",F S MOULT AND SON,PROPERTY REFURBISHMENT (HOUSING),NEIGHBOURHOODS AND ENVIRONMENT
Rochdale Borough Council,f1008038,19/06/2019,"£9,700.00",MANCHESTER CITY COUNCIL,AGMA,RESOURCES
Rochdale Borough Council,d1083140,20/06/2019,"£8,280.00",STREAMLINE TAXIS,TAXI HIRE,NEIGHBOURHOODS AND ENVIRONMENT
Rochdale Borough Council,f1008042,20/06/2019,"£42,535.19",CHILDCARE VOUCHERS LIMITED,TRANSACTIONS-EXPENDITURE,RESOURCES
Rochdale Borough Council,f1008043,20/06/2019,"£41,711.22",CHILDCARE VOUCHERS LIMITED,TRANSACTIONS-EXPENDITURE,RESOURCES
Rochdale Borough Council,d3002058,20/06/2019,"£40,000.00",REACH PUBLISHING SERVICES LTD,ADVERTISING,PROPERTY AND HIGHWAYS
Rochdale Borough Council,ph103708,20/06/2019,"£13,281.00",TURNING POINT,CONTRACTED SERVICES,PUBLIC HEALTH
Rochdale Borough Council,ph103709,20/06/2019,"£8,565.00",TURNING POINT,PH OTHER CONTRACTS,PUBLIC HEALTH
Rochdale Borough Council,d1083135,20/06/2019,"£7,470.00",ROCHDALE HOUSING INITIATIVE,BUILDINGS-ACQUISITIONS,NEIGHBOURHOODS AND ENVIRONMENT
Rochdale Borough Council,x1017892,20/06/2019,"£5,000.00",RANDSTAD EDUCATION,INDEPENDENT UNITS,EARLY HELP AND SCHOOLS
Rochdale Borough Council,d3002062,21/06/2019,"£108,398.00",JACKSON JACKSON AND SONS LTD,MINOR BUILDING WORKS,PROPERTY AND HIGHWAYS
Rochdale Borough Council,d1083143,21/06/2019,"£78,000.00",FORENSICS LTD,TOXICOLOGY PAYMENTS,NEIGHBOURHOODS AND ENVIRONMENT
Rochdale Borough Council,d3002061,21/06/2019,"£46,861.50",LK CONSULT LTD,MINOR BUILDING WORKS,PROPERTY AND HIGHWAYS
Rochdale Borough Council,d1083142,21/06/2019,"£39,000.00",REDACTED - PERSONAL DATA,MEDICAL FEES,NEIGHBOURHOODS AND ENVIRONMENT
Rochdale Borough Council,d1083141,21/06/2019,"£32,000.00",REDACTED - PERSONAL DATA,MEDICAL FEES,NEIGHBOURHOODS AND ENVIRONMENT
Rochdale Borough Council,d4001849,21/06/2019,"£21,300.00",MITSUBISHI ELECTRIC EUROPE BV,SPECIFIED MAINTENANCE,NEIGHBOURHOODS AND ENVIRONMENT
Rochdale Borough Council,d4001850,21/06/2019,"£16,435.35",DELMATIC LIGHTING MANAGEMENT,SPECIFIED MAINTENANCE,NEIGHBOURHOODS AND ENVIRONMENT
Rochdale Borough Council,s1024808,21/06/2019,"£6,937.04",UPS BUILDING AND MAINTENANCE LTD,MINOR BUILDING WORKS,ADULT CARE LCO FUNCTIONS
Rochdale Borough Council,s1024806,21/06/2019,"£5,372.00",STANNAH LIFT SERVICES LTD,MINOR BUILDING WORKS,ADULT CARE LCO FUNCTIONS
Rochdale Borough Council,s1024810,21/06/2019,"£5,126.14",UPS BUILDING AND MAINTENANCE LTD,MINOR BUILDING WORKS,ADULT CARE LCO FUNCTIONS
Rochdale Borough Council,f1008058,24/06/2019,"£35,258.00",BLOOM PROCUREMENT SERVICES LTD,AGENCY STAFF,RESOURCES
Rochdale Borough Council,f1008057,24/06/2019,"£24,304.00",BLOOM PROCUREMENT SERVICES LTD,AGENCY STAFF,RESOURCES
Rochdale Borough Council,r1002163,24/06/2019,"£23,250.00",NOMAD CLAN CO UK,CONSULTANTS FEES,ECONOMY DIRECTORATE
Rochdale Borough Council,d2001521,24/06/2019,"£14,400.00",STHREE PARTNERSHIP LLP,AGENCY STAFF,NEIGHBOURHOODS AND ENVIRONMENT
Rochdale Borough Council,d2001527,24/06/2019,"£14,400.00",GRAVITAS RECRUITMENT GROUP,AGENCY STAFF,NEIGHBOURHOODS AND ENVIRONMENT
Rochdale Borough Council,d4001859,24/06/2019,"£9,534.11",PHS GROUP PLC,HYGIENE EQUIPMENT,NEIGHBOURHOODS AND ENVIRONMENT
Rochdale Borough Council,d3002078,25/06/2019,"£1,405,701.62",B AND  E BOYS LIMITED,MINOR BUILDING WORKS,EARLY HELP AND SCHOOLS
Rochdale Borough Council,s1024824,25/06/2019,"£108,000.00",ROSS CARE,ADAPTATIONS,ADULT CARE LCO FUNCTIONS
Rochdale Borough Council,f1008065,25/06/2019,"£43,641.36",MANCHESTER CITY COUNCIL,CONTRACTS,RESOURCES
Rochdale Borough Council,d1083175,25/06/2019,"£28,000.00",REDACTED - PERSONAL DATA,MEDICAL FEES,NEIGHBOURHOODS AND ENVIRONMENT
Rochdale Borough Council,s1024825,25/06/2019,"£18,300.00",NEWLINE ADAPTATIONS LTD,MINOR BUILDING WORKS,ADULT CARE LCO FUNCTIONS
Rochdale Borough Council,ph103729,25/06/2019,"£17,598.57",TURNING POINT,CONTRACTED SERVICES,PUBLIC HEALTH
Rochdale Borough Council,s1024822,25/06/2019,"£15,790.00",NEWLINE ADAPTATIONS LTD,MINOR BUILDING WORKS,ADULT CARE LCO FUNCTIONS
Rochdale Borough Council,d1083177,25/06/2019,"£15,000.00",REDACTED - PERSONAL DATA,MEDICAL FEES,NEIGHBOURHOODS AND ENVIRONMENT
Rochdale Borough Council,f1008064,25/06/2019,"£13,648.52",MANCHESTER CITY COUNCIL,CONTRACTS,RESOURCES
Rochdale Borough Council,s1024823,25/06/2019,"£6,890.00",K P DODD CONSTRUCTION LIMITED,MINOR BUILDING WORKS,ADULT CARE LCO FUNCTIONS
Rochdale Borough Council,f1008063,25/06/2019,"£6,259.37",MANCHESTER CITY COUNCIL,CONTRACTS,RESOURCES
Rochdale Borough Council,s1024818,25/06/2019,"£5,871.00",STANNAH LIFT SERVICES LTD,MINOR BUILDING WORKS,ADULT CARE LCO FUNCTIONS
Rochdale Borough Council,f1008068,26/06/2019,"£94,380.00",TRAFFORD MBC,OTHER LOCAL AUTHORITIES,RESOURCES
Rochdale Borough Council,d3002081,26/06/2019,"£70,000.00",JACKSON JACKSON AND SONS LTD,MINOR BUILDING WORKS,EARLY HELP AND SCHOOLS
Rochdale Borough Council,d3002086,26/06/2019,"£53,760.00",BIKE RIGHT LTD,ACTIVITIES,PROPERTY AND HIGHWAYS
Rochdale Borough Council,f1008071,26/06/2019,"£44,531.52",MANCHESTER CITY COUNCIL,CONTRACTS,RESOURCES
Rochdale Borough Council,f1008074,26/06/2019,"£44,531.52",MANCHESTER CITY COUNCIL,CONTRACTS,RESOURCES
Rochdale Borough Council,d4001874,26/06/2019,"£36,750.00",OTIS LTD,SPECIFIED MAINTENANCE,NEIGHBOURHOODS AND ENVIRONMENT
Rochdale Borough Council,f1008070,26/06/2019,"£13,936.35",MANCHESTER CITY COUNCIL,CONTRACTS,RESOURCES
Rochdale Borough Council,f1008073,26/06/2019,"£13,936.35",MANCHESTER CITY COUNCIL,CONTRACTS,RESOURCES
Rochdale Borough Council,d1083200,26/06/2019,"£11,800.00",BROADWAY MALYAN LTD,SITE INVESTIGATION,ECONOMY DIRECTORATE
Rochdale Borough Council,e1028317,26/06/2019,"£8,016.59",BELMONT SCHOOL LIMITED,OTHER LA`S - SEN PROVISION,EARLY HELP AND SCHOOLS
Rochdale Borough Council,s1024830,26/06/2019,"£6,856.00",PREPAID FINANCIAL SERVICES,CONTRACTED SERVICES,ADULT CARE LCO FUNCTIONS
Rochdale Borough Council,f1008069,26/06/2019,"£6,352.38",MANCHESTER CITY COUNCIL,CONTRACTS,RESOURCES
Rochdale Borough Council,f1008072,26/06/2019,"£6,352.38",MANCHESTER CITY COUNCIL,CONTRACTS,RESOURCES
Rochdale Borough Council,f1008077,27/06/2019,"£396,933.00",CIVICA UK LIMITED,SOFTWARE,RESOURCES
Rochdale Borough Council,d3002095,27/06/2019,"£60,000.00",INTEGRATED WATER SERVICES LIMITED,PROPERTY - WORKS ELEMENT,PROPERTY AND HIGHWAYS
Rochdale Borough Council,r1002165,27/06/2019,"£52,572.00",THE UNIVERSITY OF SALFORD,CONSULTANTS FEES,ECONOMY DIRECTORATE
Rochdale Borough Council,x1017934,27/06/2019,"£25,000.00",HAMPTONS RESOURCING LTD,AGENCY STAFF,CHILDREN’S SOCIAL CARE
Rochdale Borough Council,ph103731,27/06/2019,"£7,497.00",ENGLISH SPORTS COUNCIL,PH OTHER CONTRACTS,PUBLIC HEALTH
Rochdale Borough Council,e1028321,27/06/2019,"£5,964.00",TROWERS AND HAMLINS,TEACHERS - SUPERANN,EARLY HELP AND SCHOOLS
Rochdale Borough Council,e1028319,27/06/2019,"£5,784.00",TROWERS AND HAMLINS,TEACHERS - SUPERANN,EARLY HELP AND SCHOOLS
Rochdale Borough Council,d3002103,28/06/2019,"£39,410.00",GROUNDWORK LANDSCAPES LIMITED,MINOR BUILDING WORKS,NEIGHBOURHOODS AND ENVIRONMENT
Rochdale Borough Council,d1083221,28/06/2019,"£30,270.90",STANDARD FUEL OILS,TRANSACTIONS-EXPENDITURE,NEIGHBOURHOODS AND ENVIRONMENT
Rochdale Borough Council,ph103734,28/06/2019,"£17,133.13",SAFENET DOMESTIC ABUSE SERVICE,PH OTHER CONTRACTS,PUBLIC HEALTH
Rochdale Borough Council,e1028336,28/06/2019,"£12,750.00",BARNARDOS,SUBSCRIPTIONS,EARLY HELP AND SCHOOLS
Rochdale Borough Council,s1024847,28/06/2019,"£12,375.00",HEYWOOD MIDDLETON AND ROCHDALE CIRCLE,SERVICE LEVEL AGREEMENTS,COMMISSIONING AND STATUTORY
Rochdale Borough Council,s1024845,28/06/2019,"£10,399.72",JUST CHECKING LTD,PURCHASE OF FURNITURE AND EQUIPMENT,ADULT CARE LCO FUNCTIONS
Rochdale Borough Council,s1024839,28/06/2019,"£7,870.09",CAREWATCH CARE SERVICES LTD,HOME CARE - ADULT SERVICES,ADULT CARE LCO FUNCTIONS
